 ,Label,Area1,Mean1,Min1,Max1,Median1,Area2,Mean2,Min2,Max2,Median2,Area3,Mean3,Min3,Max3,Median3,Area4,Mean4,Min4,Max4,Median4,Area5,Mean5,Min5,Max5,Median5,Area6,Mean6,Min6,Max6,Median6,Area7,Mean7,Min7,Max7,Median7,Area8,Mean8,Min8,Max8,Median8
1,cos7WT-cgamutantgfp-PLL-Ba2mM-boite1-11052021.lif - Series005,0.291,36.700,8,174,27,0.433,71.663,19,255,41,0.516,79.976,22,197,62,0.478,11.991,6,20,12,0.466,12.304,4,21,13,0.433,37.288,15,75,33,0.287,50.348,9,175,31,0.478,28.043,15,41,28
2,cos7WT-cgamutantgfp-PLL-Ba2mM-boite1-11052021.lif - Series005,0.291,35.029,13,149,27,0.433,70.702,18,232,48,0.516,78.355,23,207,60,0.478,12.504,4,21,13,0.466,12.268,4,24,12,0.433,37.019,15,82,35,0.287,46.391,8,151,32,0.478,28.504,17,43,28
3,cos7WT-cgamutantgfp-PLL-Ba2mM-boite1-11052021.lif - Series005,0.291,33.971,12,159,26,0.433,70.154,17,234,44,0.516,78.798,19,196,61,0.478,11.313,4,20,12,0.466,12.518,5,23,13,0.433,38.317,18,71,34,0.287,48.130,12,162,33,0.478,28.217,17,39,28
4,cos7WT-cgamutantgfp-PLL-Ba2mM-boite1-11052021.lif - Series005,0.291,34.071,13,130,27,0.433,69.519,17,226,46,0.516,76.742,22,197,58,0.478,10.939,4,23,10,0.466,12.411,5,22,13,0.433,36.615,17,65,34,0.287,53.768,10,179,34,0.478,28.017,14,44,28
5,cos7WT-cgamutantgfp-PLL-Ba2mM-boite1-11052021.lif - Series005,0.291,29.700,7,113,26,0.433,73.202,20,241,51,0.516,73.710,21,188,57,0.478,11.713,2,20,12,0.466,11.902,5,20,12,0.433,35.942,17,65,33,0.287,54.826,10,177,37,0.478,26.530,13,37,27
6,cos7WT-cgamutantgfp-PLL-Ba2mM-boite1-11052021.lif - Series005,0.291,30.243,10,114,25,0.433,71.404,18,235,51,0.516,78.056,17,189,64,0.478,11.609,4,22,12,0.466,12.661,5,23,13,0.433,37.125,15,73,35,0.287,56.768,7,174,38,0.478,26.774,15,40,26
7,cos7WT-cgamutantgfp-PLL-Ba2mM-boite1-11052021.lif - Series005,0.291,31.800,15,118,24,0.433,74.385,20,224,52,0.516,80.742,17,217,72,0.478,11.904,5,20,12,0.466,12.125,4,20,12,0.433,38.625,18,74,35,0.287,55.507,11,188,38,0.478,26.817,15,39,27
8,cos7WT-cgamutantgfp-PLL-Ba2mM-boite1-11052021.lif - Series005,0.291,29.029,16,95,25,0.433,75.106,18,235,56,0.516,80.702,20,205,67,0.478,11.609,5,22,11,0.466,12.705,7,24,13,0.433,39.721,15,76,37,0.287,53.667,10,181,37,0.478,26.365,16,37,26
9,cos7WT-cgamutantgfp-PLL-Ba2mM-boite1-11052021.lif - Series005,0.291,28.314,11,88,23,0.433,77.683,19,239,55,0.516,81.129,23,214,64,0.478,11.704,4,17,12,0.466,13.188,4,24,13,0.433,40.317,15,80,35,0.287,58.797,10,191,42,0.478,26.791,17,41,26
10,cos7WT-cgamutantgfp-PLL-Ba2mM-boite1-11052021.lif - Series005,0.291,30.229,14,91,26,0.433,75.654,18,250,52,0.516,86.073,19,220,71,0.478,11.339,1,21,11,0.466,14.098,5,25,14,0.433,42.615,16,88,39,0.287,60.478,10,195,46,0.478,26.400,16,38,26
11,cos7WT-cgamutantgfp-PLL-Ba2mM-boite1-11052021.lif - Series005,0.291,29.443,12,90,26,0.433,77.894,19,253,47,0.516,77.806,21,190,65,0.478,11.052,3,20,11,0.466,13.223,5,28,13,0.433,40.481,20,82,37,0.287,62.406,8,196,44,0.478,26.809,14,36,27
12,cos7WT-cgamutantgfp-PLL-Ba2mM-boite1-11052021.lif - Series005,0.291,27.586,12,83,24,0.433,79.029,20,255,51,0.516,76.460,19,193,65,0.478,11.461,5,21,11,0.466,12.938,1,31,13,0.433,38.558,19,74,35,0.287,64.319,7,207,44,0.478,27.217,15,41,27
13,cos7WT-cgamutantgfp-PLL-Ba2mM-boite1-11052021.lif - Series005,0.291,29.557,14,108,25,0.433,77.981,16,246,53,0.516,75.806,19,189,65,0.478,10.348,2,19,10,0.466,13.188,7,29,13,0.433,39.067,18,81,36,0.287,64.957,12,206,45,0.478,27.687,18,41,27
14,cos7WT-cgamutantgfp-PLL-Ba2mM-boite1-11052021.lif - Series005,0.291,32.271,13,118,24,0.433,81.029,16,255,50,0.516,71.677,18,179,58,0.478,11.478,2,21,11,0.466,12.357,6,25,12,0.433,39.260,18,82,36,0.287,64.261,8,215,47,0.478,27.609,13,38,28
15,cos7WT-cgamutantgfp-PLL-Ba2mM-boite1-11052021.lif - Series005,0.291,46.286,15,169,30,0.433,80.606,19,255,50,0.516,71.298,17,179,53,0.478,9.896,1,18,9,0.466,13.688,3,35,13,0.433,39.865,14,93,36,0.287,68.826,13,201,50,0.478,27.713,19,42,27
16,cos7WT-cgamutantgfp-PLL-Ba2mM-boite1-11052021.lif - Series005,0.291,46.071,13,175,31,0.433,82.144,22,255,45,0.516,67.540,19,173,51,0.478,10.183,3,19,10,0.466,12.723,5,25,12,0.433,38.327,15,82,35,0.287,70.464,11,213,54,0.478,27.452,14,42,27
17,cos7WT-cgamutantgfp-PLL-Ba2mM-boite1-11052021.lif - Series005,0.291,40.529,15,186,27,0.433,76.087,19,255,47,0.516,66.766,18,175,50,0.478,9.904,1,18,10,0.466,13.304,6,29,12,0.433,38.490,19,84,35,0.287,64.725,11,215,48,0.478,26.904,13,36,27
18,cos7WT-cgamutantgfp-PLL-Ba2mM-boite1-11052021.lif - Series005,0.291,42.157,10,145,29,0.433,79.115,19,255,51,0.516,66.266,19,165,49,0.478,10.461,4,18,10,0.466,12.241,4,23,12,0.433,42.615,23,84,38,0.287,65.159,7,213,47,0.478,28.183,18,44,28
19,cos7WT-cgamutantgfp-PLL-Ba2mM-boite1-11052021.lif - Series005,0.291,48.771,12,170,33,0.433,74.048,17,238,49,0.516,64.790,21,171,49,0.478,10.774,5,18,10,0.466,12.545,5,20,13,0.433,40.183,18,77,36,0.287,67.812,9,205,49,0.478,27.304,17,43,27
20,cos7WT-cgamutantgfp-PLL-Ba2mM-boite1-11052021.lif - Series005,0.291,54.671,11,171,40,0.433,73.904,18,224,50,0.516,63.492,20,169,48,0.478,11.217,4,19,11,0.466,12.295,4,25,12,0.433,37.394,20,75,34,0.287,67.899,11,193,53,0.478,26.939,16,44,26
21,cos7WT-cgamutantgfp-PLL-Ba2mM-boite1-11052021.lif - Series005,0.291,56.157,8,165,40,0.433,74.413,18,241,55,0.516,65.726,15,169,50,0.478,11.087,2,20,11,0.466,12.214,5,21,13,0.433,38.760,18,81,37,0.287,69.464,10,184,58,0.478,27.557,17,39,28
22,cos7WT-cgamutantgfp-PLL-Ba2mM-boite1-11052021.lif - Series005,0.291,49.243,13,150,38,0.433,72.913,19,226,55,0.516,65.218,21,168,52,0.478,11.287,4,18,12,0.466,11.366,5,18,11,0.433,38.442,18,76,36,0.287,72.652,12,186,59,0.478,27.270,18,41,27
23,cos7WT-cgamutantgfp-PLL-Ba2mM-boite1-11052021.lif - Series005,0.291,55.929,15,140,43,0.433,73.837,12,225,54,0.516,66.258,20,166,51,0.478,10.530,4,17,10,0.466,11.188,4,19,11,0.433,40.750,23,75,38,0.287,69.174,13,176,56,0.478,26.548,16,39,27
24,cos7WT-cgamutantgfp-PLL-Ba2mM-boite1-11052021.lif - Series005,0.291,52.471,15,141,41,0.433,72.067,20,228,52,0.516,69.347,17,177,52,0.478,10.504,5,18,10,0.466,11.125,4,22,11,0.433,39.856,20,87,37,0.287,70.754,12,175,61,0.478,26.443,14,36,26
25,cos7WT-cgamutantgfp-PLL-Ba2mM-boite1-11052021.lif - Series005,0.291,55.443,14,145,41,0.433,74.471,18,242,57,0.516,71.685,17,175,60,0.478,11.252,4,19,11,0.466,11.277,3,20,11,0.433,39.721,21,77,34,0.287,66.986,13,170,52,0.478,27.409,15,38,27
26,cos7WT-cgamutantgfp-PLL-Ba2mM-boite1-11052021.lif - Series005,0.291,64.314,17,179,48,0.433,74.942,18,226,55,0.516,70.008,20,160,57,0.478,10.600,4,18,10,0.466,12.491,5,22,12,0.433,41.462,19,87,38,0.287,55.826,12,144,38,0.478,27.357,16,38,27
27,cos7WT-cgamutantgfp-PLL-Ba2mM-boite1-11052021.lif - Series005,0.291,62.929,15,185,41,0.433,75.154,17,251,57,0.516,68.831,19,156,58,0.478,10.930,4,23,10,0.466,12.339,3,23,12,0.433,42.317,20,79,37,0.287,53.899,9,160,39,0.478,26.296,15,37,26
28,cos7WT-cgamutantgfp-PLL-Ba2mM-boite1-11052021.lif - Series005,0.291,57.714,13,184,41,0.433,74.231,16,241,51,0.516,73.524,22,169,64,0.478,11.061,4,20,11,0.466,12.536,4,25,12,0.433,43.269,14,93,38,0.287,52.319,10,150,36,0.478,27.887,18,39,27
29,cos7WT-cgamutantgfp-PLL-Ba2mM-boite1-11052021.lif - Series005,0.291,52.143,10,168,36,0.433,75.433,15,248,51,0.516,76.605,22,165,62,0.478,10.809,4,17,11,0.466,12.232,5,21,12,0.433,44.548,18,94,41,0.287,53.609,10,161,37,0.478,26.287,13,36,26
30,cos7WT-cgamutantgfp-PLL-Ba2mM-boite1-11052021.lif - Series005,0.291,56.686,11,209,35,0.433,74.808,17,255,56,0.516,81.331,27,189,72,0.478,10.800,4,20,11,0.466,11.527,5,21,12,0.433,43.808,22,92,38,0.287,55.246,8,167,39,0.478,25.748,16,42,26
31,cos7WT-cgamutantgfp-PLL-Ba2mM-boite1-11052021.lif - Series005,0.291,52.900,15,176,34,0.433,76.308,16,255,52,0.516,85.040,32,185,76,0.478,10.783,3,21,10,0.466,12.929,5,28,13,0.433,41.933,21,85,36,0.287,51.319,9,151,32,0.478,26.026,14,38,26
32,cos7WT-cgamutantgfp-PLL-Ba2mM-boite1-11052021.lif - Series005,0.291,54.386,13,193,34,0.433,72.856,18,249,46,0.516,83.766,26,191,71,0.478,11.209,2,22,11,0.466,12.312,3,22,12,0.433,41.163,21,84,36,0.287,47.971,7,139,34,0.478,24.591,11,35,24
33,cos7WT-cgamutantgfp-PLL-Ba2mM-boite1-11052021.lif - Series005,0.291,53.486,5,197,32,0.433,70.962,16,251,46,0.516,82.685,32,189,71,0.478,11.252,4,20,11,0.466,13.000,4,28,13,0.433,40.769,17,87,36,0.287,45.536,7,143,28,0.478,25.765,17,34,26
34,cos7WT-cgamutantgfp-PLL-Ba2mM-boite1-11052021.lif - Series005,0.291,60.843,15,220,40,0.433,73.260,19,243,46,0.516,82.202,30,179,70,0.478,10.278,2,16,11,0.466,13.098,2,25,13,0.433,41.096,16,86,36,0.287,43.159,9,129,26,0.478,24.870,15,36,24
35,cos7WT-cgamutantgfp-PLL-Ba2mM-boite1-11052021.lif - Series005,0.291,69.057,13,230,44,0.433,72.221,18,242,50,0.516,84.008,28,185,69,0.478,10.948,5,20,11,0.466,12.482,2,25,12,0.433,40.692,17,82,37,0.287,42.652,5,127,27,0.478,25.687,13,42,26
36,cos7WT-cgamutantgfp-PLL-Ba2mM-boite1-11052021.lif - Series005,0.291,68.857,12,208,48,0.433,71.788,19,248,46,0.516,81.226,33,182,68,0.478,10.417,4,18,10,0.466,12.946,5,24,13,0.433,39.385,18,82,36,0.287,44.391,11,134,35,0.478,25.626,14,37,26
37,cos7WT-cgamutantgfp-PLL-Ba2mM-boite1-11052021.lif - Series005,0.291,70.814,14,223,42,0.433,75.577,17,251,53,0.516,80.306,33,186,68,0.478,10.600,3,21,10,0.466,13.036,4,27,12,0.433,38.788,22,85,35,0.287,45.493,10,130,30,0.478,24.843,16,36,25
38,cos7WT-cgamutantgfp-PLL-Ba2mM-boite1-11052021.lif - Series005,0.291,59.629,10,202,36,0.433,81.173,21,255,60,0.516,79.516,34,184,70,0.478,9.922,3,17,10,0.466,13.250,4,23,13,0.433,39.923,19,84,35,0.287,42.507,14,124,27,0.478,24.113,14,35,24
39,cos7WT-cgamutantgfp-PLL-Ba2mM-boite1-11052021.lif - Series005,0.291,61.314,13,201,41,0.433,80.817,15,255,55,0.516,76.169,31,161,66,0.478,10.617,2,18,10,0.466,12.866,4,21,13,0.433,40.548,22,85,36,0.287,38.145,7,110,26,0.478,24.739,15,34,25
40,cos7WT-cgamutantgfp-PLL-Ba2mM-boite1-11052021.lif - Series005,0.291,60.671,15,181,42,0.433,76.875,23,251,58,0.516,73.790,30,159,63,0.478,10.357,0,19,10,0.466,12.893,3,26,13,0.433,40.067,21,83,35,0.287,40.478,10,117,29,0.478,24.296,15,35,24
41,cos7WT-cgamutantgfp-PLL-Ba2mM-boite1-11052021.lif - Series005,0.291,67.114,13,195,46,0.433,77.913,21,255,56,0.516,74.081,26,161,66,0.478,10.470,4,18,10,0.466,12.946,4,23,14,0.433,39.000,20,89,36,0.287,39.290,13,115,31,0.478,25.313,10,40,26
42,cos7WT-cgamutantgfp-PLL-Ba2mM-boite1-11052021.lif - Series005,0.291,66.057,12,217,45,0.433,71.288,15,210,55,0.516,73.871,30,159,65,0.478,10.174,3,21,10,0.466,12.750,4,25,13,0.433,39.375,16,75,34,0.287,43.101,7,121,33,0.478,24.235,16,34,24
43,cos7WT-cgamutantgfp-PLL-Ba2mM-boite1-11052021.lif - Series005,0.291,66.357,16,209,46,0.433,73.106,19,221,54,0.516,72.935,25,155,64,0.478,10.261,2,17,10,0.466,12.357,3,20,12,0.433,38.962,15,80,34,0.287,41.174,10,112,31,0.478,24.443,12,37,25
44,cos7WT-cgamutantgfp-PLL-Ba2mM-boite1-11052021.lif - Series005,0.291,67.671,14,195,46,0.433,70.423,19,217,56,0.516,73.048,32,157,63,0.478,10.087,3,18,10,0.466,12.411,5,20,12,0.433,38.240,19,85,34,0.287,41.986,10,116,32,0.478,24.565,15,36,24
45,cos7WT-cgamutantgfp-PLL-Ba2mM-boite1-11052021.lif - Series005,0.291,69.471,19,176,51,0.433,70.788,15,222,52,0.516,70.137,31,144,60,0.478,10.678,2,19,10,0.466,12.134,4,24,12,0.433,37.481,18,75,33,0.287,45.261,7,110,36,0.478,24.452,13,38,25
46,cos7WT-cgamutantgfp-PLL-Ba2mM-boite1-11052021.lif - Series005,0.291,63.614,14,181,51,0.433,67.625,15,208,50,0.516,69.387,25,150,62,0.478,10.757,4,17,11,0.466,12.884,4,23,12,0.433,38.635,16,76,35,0.287,47.449,13,114,38,0.478,24.878,16,40,25
47,cos7WT-cgamutantgfp-PLL-Ba2mM-boite1-11052021.lif - Series005,0.291,60.000,15,161,43,0.433,64.615,19,185,47,0.516,69.048,23,141,61,0.478,10.157,0,17,10,0.466,14.205,6,28,14,0.433,35.644,19,75,33,0.287,47.551,14,120,42,0.478,24.313,16,33,25
48,cos7WT-cgamutantgfp-PLL-Ba2mM-boite1-11052021.lif - Series005,0.291,54.629,13,159,38,0.433,65.500,16,207,47,0.516,68.968,25,141,60,0.478,11.270,5,20,11,0.466,13.098,5,26,13,0.433,35.981,15,74,32,0.287,55.522,13,127,46,0.478,24.643,15,35,24
49,cos7WT-cgamutantgfp-PLL-Ba2mM-boite1-11052021.lif - Series005,0.291,38.000,10,115,29,0.433,64.154,21,185,45,0.516,69.411,28,147,62,0.478,10.252,4,18,10,0.466,11.714,4,26,11,0.433,35.058,15,69,32,0.287,56.623,14,134,48,0.478,26.209,18,36,26
50,cos7WT-cgamutantgfp-PLL-Ba2mM-boite1-11052021.lif - Series005,0.291,33.271,7,102,25,0.433,62.625,17,176,44,0.516,69.911,27,143,61,0.478,10.878,4,22,11,0.466,12.125,4,25,12,0.433,34.260,17,64,31,0.287,58.000,16,128,46,0.478,24.235,11,36,25
51,cos7WT-cgamutantgfp-PLL-Ba2mM-boite1-11052021.lif - Series005,0.291,40.029,12,126,28,0.433,64.971,21,204,42,0.516,74.944,34,168,64,0.478,10.400,3,19,10,0.466,12.580,3,23,12,0.433,34.288,16,69,31,0.287,62.232,18,156,52,0.478,24.896,12,37,25
52,cos7WT-cgamutantgfp-PLL-Ba2mM-boite1-11052021.lif - Series005,0.291,42.914,12,142,29,0.433,63.567,18,181,48,0.516,73.089,30,150,63,0.478,10.061,0,20,10,0.466,13.286,5,25,13,0.433,31.587,15,50,30,0.287,57.058,10,126,46,0.478,25.200,16,36,26
53,cos7WT-cgamutantgfp-PLL-Ba2mM-boite1-11052021.lif - Series005,0.291,46.186,12,169,34,0.433,60.769,21,189,41,0.516,72.790,31,151,65,0.478,10.209,2,17,10,0.466,12.545,4,21,13,0.433,30.019,12,56,28,0.287,47.609,10,123,41,0.478,23.791,16,38,24
54,cos7WT-cgamutantgfp-PLL-Ba2mM-boite1-11052021.lif - Series005,0.291,48.114,14,167,35,0.433,57.990,21,177,42,0.516,70.444,35,161,62,0.478,10.104,4,20,10,0.466,12.446,3,22,13,0.433,30.538,17,54,29,0.287,44.087,13,103,37,0.478,24.330,13,36,24
55,cos7WT-cgamutantgfp-PLL-Ba2mM-boite1-11052021.lif - Series005,0.291,47.643,14,154,37,0.433,59.654,18,194,43,0.516,68.435,29,138,64,0.478,11.278,4,20,11,0.466,12.170,4,24,11,0.433,30.990,16,55,29,0.287,40.884,9,89,37,0.478,24.461,15,33,24
56,cos7WT-cgamutantgfp-PLL-Ba2mM-boite1-11052021.lif - Series005,0.291,58.157,11,166,44,0.433,64.462,20,199,44,0.516,70.645,31,150,62,0.478,10.539,4,21,10,0.466,12.473,3,24,12,0.433,32.058,14,55,31,0.287,40.072,11,102,38,0.478,24.278,14,37,24
57,cos7WT-cgamutantgfp-PLL-Ba2mM-boite1-11052021.lif - Series005,0.291,56.386,16,148,45,0.433,63.029,20,192,40,0.516,69.024,32,139,58,0.478,10.817,4,21,10,0.466,13.116,6,26,13,0.433,31.298,12,58,29,0.287,33.246,9,89,29,0.478,24.739,16,33,25
58,cos7WT-cgamutantgfp-PLL-Ba2mM-boite1-11052021.lif - Series005,0.291,52.757,15,133,43,0.433,64.808,20,215,46,0.516,68.508,28,140,62,0.478,10.539,4,21,10,0.466,11.982,6,22,12,0.433,30.837,14,60,29,0.287,29.725,10,82,28,0.478,24.687,16,33,25
59,cos7WT-cgamutantgfp-PLL-Ba2mM-boite1-11052021.lif - Series005,0.291,54.414,11,145,45,0.433,65.404,17,231,41,0.516,63.161,28,128,56,0.478,10.374,3,18,10,0.466,11.607,5,23,11,0.433,34.096,15,65,32,0.287,27.957,10,73,26,0.478,24.252,15,39,25
60,cos7WT-cgamutantgfp-PLL-Ba2mM-boite1-11052021.lif - Series005,0.291,54.200,16,127,44,0.433,64.240,18,223,43,0.516,64.444,27,131,58,0.478,10.565,4,20,10,0.466,11.598,3,20,12,0.433,35.288,14,75,33,0.287,28.275,7,70,25,0.478,23.843,12,36,24
61,cos7WT-cgamutantgfp-PLL-Ba2mM-boite1-11052021.lif - Series005,0.291,58.300,17,130,49,0.433,67.115,19,223,45,0.516,65.508,26,129,59,0.478,11.078,3,25,11,0.466,12.580,2,23,13,0.433,39.577,18,82,36,0.287,28.449,7,83,25,0.478,23.591,11,33,24
62,cos7WT-cgamutantgfp-PLL-Ba2mM-boite1-11052021.lif - Series005,0.291,59.486,14,127,50,0.433,65.904,20,233,45,0.516,65.726,27,125,59,0.478,10.678,4,29,11,0.466,12.821,6,25,12,0.433,39.731,13,74,36,0.287,28.101,10,85,24,0.478,23.548,9,38,24
63,cos7WT-cgamutantgfp-PLL-Ba2mM-boite1-11052021.lif - Series005,0.291,60.214,15,146,51,0.433,61.606,18,209,42,0.516,66.355,29,144,60,0.478,10.357,4,20,10,0.466,12.482,5,23,12,0.433,38.769,16,74,36,0.287,25.348,6,73,21,0.478,24.009,13,36,24
64,cos7WT-cgamutantgfp-PLL-Ba2mM-boite1-11052021.lif - Series005,0.291,57.629,12,133,50,0.433,60.615,20,219,42,0.516,69.629,25,144,64,0.478,10.391,0,19,11,0.466,12.679,5,23,13,0.433,38.644,15,77,35,0.287,24.870,8,64,22,0.478,24.061,11,36,24
65,cos7WT-cgamutantgfp-PLL-Ba2mM-boite1-11052021.lif - Series005,0.291,65.914,19,148,57,0.433,63.365,19,199,46,0.516,67.129,23,151,59,0.478,10.887,5,20,10,0.466,13.071,4,27,13,0.433,39.048,15,77,35,0.287,23.217,8,66,19,0.478,24.000,15,34,24
66,cos7WT-cgamutantgfp-PLL-Ba2mM-boite1-11052021.lif - Series005,0.291,59.800,16,133,47,0.433,59.510,16,193,43,0.516,62.944,22,132,57,0.478,10.226,1,20,10,0.466,13.536,5,23,14,0.433,38.077,18,71,34,0.287,22.449,9,62,20,0.478,24.078,12,36,24
67,cos7WT-cgamutantgfp-PLL-Ba2mM-boite1-11052021.lif - Series005,0.291,58.071,14,135,54,0.433,55.317,21,166,42,0.516,63.540,23,147,54,0.478,10.922,5,20,10,0.466,14.312,5,26,15,0.433,38.971,19,85,36,0.287,19.420,8,50,17,0.478,23.339,13,36,23
68,cos7WT-cgamutantgfp-PLL-Ba2mM-boite1-11052021.lif - Series005,0.291,60.243,15,135,47,0.433,55.346,20,178,41,0.516,62.323,26,135,54,0.478,10.165,3,20,10,0.466,14.357,5,30,14,0.433,37.125,17,71,35,0.287,16.884,6,49,14,0.478,23.861,12,34,24
69,cos7WT-cgamutantgfp-PLL-Ba2mM-boite1-11052021.lif - Series005,0.291,54.329,13,122,45,0.433,55.750,17,181,39,0.516,60.734,23,129,50,0.478,9.870,2,19,10,0.466,14.152,5,25,14,0.433,36.346,15,77,33,0.287,18.275,3,54,14,0.478,23.748,14,34,24
70,cos7WT-cgamutantgfp-PLL-Ba2mM-boite1-11052021.lif - Series005,0.291,56.729,8,124,51,0.433,58.683,16,178,45,0.516,60.089,22,135,51,0.478,10.809,3,21,11,0.466,14.402,1,26,14,0.433,36.913,17,70,34,0.287,18.348,5,60,15,0.478,23.017,12,33,23
71,cos7WT-cgamutantgfp-PLL-Ba2mM-boite1-11052021.lif - Series005,0.291,56.100,16,133,50,0.433,62.260,22,207,45,0.516,58.282,21,157,46,0.478,10.052,3,18,10,0.466,14.214,3,28,14,0.433,34.981,16,74,32,0.287,18.942,5,62,15,0.478,22.478,10,31,23
72,cos7WT-cgamutantgfp-PLL-Ba2mM-boite1-11052021.lif - Series005,0.291,61.286,19,146,51,0.433,70.865,21,242,51,0.516,59.960,17,144,48,0.478,11.278,5,18,11,0.466,15.420,3,31,15,0.433,37.192,17,71,34,0.287,18.913,3,63,15,0.478,23.365,15,32,23
73,cos7WT-cgamutantgfp-PLL-Ba2mM-boite1-11052021.lif - Series005,0.291,58.329,16,130,48,0.433,70.846,24,253,51,0.516,60.073,18,143,48,0.478,10.348,3,21,10,0.466,13.312,6,25,13,0.433,36.654,19,67,33,0.287,19.188,3,54,15,0.478,22.348,12,32,22
74,cos7WT-cgamutantgfp-PLL-Ba2mM-boite1-11052021.lif - Series005,0.291,56.729,16,132,45,0.433,70.346,20,214,53,0.516,63.653,19,142,53,0.478,10.252,3,20,10,0.466,12.920,4,23,13,0.433,36.615,17,72,33,0.287,20.072,6,54,16,0.478,22.991,13,33,23
75,cos7WT-cgamutantgfp-PLL-Ba2mM-boite1-11052021.lif - Series005,0.291,61.200,16,153,49,0.433,67.394,17,222,50,0.516,65.444,24,143,56,0.478,10.652,2,22,10,0.466,12.580,4,24,12,0.433,38.423,20,82,33,0.287,20.232,6,67,15,0.478,23.061,11,33,23
76,cos7WT-cgamutantgfp-PLL-Ba2mM-boite1-11052021.lif - Series005,0.291,54.343,18,153,41,0.433,73.510,21,255,51,0.516,65.726,22,154,60,0.478,10.922,3,20,11,0.466,13.830,5,26,13,0.433,39.606,17,87,36,0.287,18.797,5,68,14,0.478,23.043,14,32,23
77,cos7WT-cgamutantgfp-PLL-Ba2mM-boite1-11052021.lif - Series005,0.291,53.829,16,135,41,0.433,75.615,22,251,51,0.516,63.710,23,141,51,0.478,10.487,3,20,11,0.466,12.920,4,28,12,0.433,39.635,21,85,35,0.287,20.029,0,71,16,0.478,24.783,16,36,24
78,cos7WT-cgamutantgfp-PLL-Ba2mM-boite1-11052021.lif - Series005,0.291,49.329,15,126,38,0.433,77.327,23,246,52,0.516,63.266,19,143,58,0.478,11.148,4,22,11,0.466,13.527,5,28,14,0.433,40.423,18,79,38,0.287,20.754,3,66,15,0.478,26.043,15,38,26
79,cos7WT-cgamutantgfp-PLL-Ba2mM-boite1-11052021.lif - Series005,0.291,55.086,18,139,40,0.433,75.240,23,219,51,0.516,60.661,24,132,52,0.478,11.704,4,24,12,0.466,13.259,3,25,13,0.433,40.846,18,87,37,0.287,18.275,2,59,15,0.478,25.522,17,36,26
80,cos7WT-cgamutantgfp-PLL-Ba2mM-boite1-11052021.lif - Series005,0.291,60.914,20,135,56,0.433,71.769,20,235,46,0.516,65.476,23,143,54,0.478,11.600,5,20,11,0.466,13.205,6,25,13,0.433,40.212,20,84,37,0.287,19.072,5,55,16,0.478,26.296,17,39,26
81,cos7WT-cgamutantgfp-PLL-Ba2mM-boite1-11052021.lif - Series005,0.291,71.471,29,157,63,0.433,73.038,23,231,46,0.516,67.581,19,146,57,0.478,11.287,4,21,11,0.466,13.250,3,25,13,0.433,38.077,17,83,35,0.287,19.275,3,51,16,0.478,25.235,14,37,25
82,cos7WT-cgamutantgfp-PLL-Ba2mM-boite1-11052021.lif - Series005,0.291,72.086,20,163,65,0.433,75.279,24,246,50,0.516,65.629,15,155,56,0.478,10.791,1,23,10,0.466,13.080,3,29,13,0.433,39.596,16,83,35,0.287,18.812,4,59,14,0.478,24.904,16,38,25
83,cos7WT-cgamutantgfp-PLL-Ba2mM-boite1-11052021.lif - Series005,0.291,75.014,26,173,65,0.433,77.712,26,255,52,0.516,61.863,20,139,53,0.478,10.339,3,20,10,0.466,11.688,6,21,12,0.433,40.731,12,81,36,0.287,18.754,6,61,15,0.478,24.287,13,38,25
84,cos7WT-cgamutantgfp-PLL-Ba2mM-boite1-11052021.lif - Series005,0.291,68.129,22,147,57,0.433,78.308,26,249,56,0.516,63.419,25,140,54,0.478,10.609,3,21,10,0.466,11.777,4,21,11,0.433,38.962,11,82,36,0.287,18.449,5,66,14,0.478,25.765,15,38,26
85,cos7WT-cgamutantgfp-PLL-Ba2mM-boite1-11052021.lif - Series005,0.291,64.686,16,140,56,0.433,83.663,26,255,59,0.516,63.444,23,144,56,0.478,10.583,4,20,10,0.466,12.196,5,25,13,0.433,38.240,15,79,35,0.287,17.174,4,52,14,0.478,25.313,11,39,26
86,cos7WT-cgamutantgfp-PLL-Ba2mM-boite1-11052021.lif - Series005,0.291,63.814,21,134,57,0.433,80.240,25,255,54,0.516,65.452,25,152,56,0.478,10.200,5,16,10,0.466,12.196,5,19,12,0.433,38.423,14,83,35,0.287,16.290,6,47,13,0.478,25.617,15,35,26
87,cos7WT-cgamutantgfp-PLL-Ba2mM-boite1-11052021.lif - Series005,0.291,60.557,20,139,53,0.433,79.712,23,230,59,0.516,63.863,22,148,54,0.478,10.843,2,23,11,0.466,12.429,5,20,12,0.433,37.500,17,77,35,0.287,15.145,5,36,14,0.478,24.548,13,40,24
88,cos7WT-cgamutantgfp-PLL-Ba2mM-boite1-11052021.lif - Series005,0.291,61.843,21,140,54,0.433,80.337,27,246,59,0.516,63.750,22,142,56,0.478,10.852,2,18,11,0.466,11.964,1,20,12,0.433,36.587,17,69,35,0.287,14.797,5,45,13,0.478,24.391,12,41,25
89,cos7WT-cgamutantgfp-PLL-Ba2mM-boite1-11052021.lif - Series005,0.291,65.571,19,137,55,0.433,83.250,25,251,61,0.516,63.887,24,147,51,0.478,10.443,4,20,10,0.466,12.946,5,23,13,0.433,35.587,17,70,33,0.287,15.464,2,36,13,0.478,23.200,12,33,23
90,cos7WT-cgamutantgfp-PLL-Ba2mM-boite1-11052021.lif - Series005,0.291,68.457,17,161,61,0.433,79.981,22,244,58,0.516,61.895,21,143,50,0.478,10.122,2,19,10,0.466,12.536,4,22,12,0.433,37.567,13,73,34,0.287,15.246,4,41,13,0.478,24.261,12,35,25
91,cos7WT-cgamutantgfp-PLL-Ba2mM-boite1-11052021.lif - Series005,0.291,65.943,16,148,56,0.433,72.442,22,226,51,0.516,60.032,19,137,51,0.478,10.713,4,16,11,0.466,12.759,7,22,13,0.433,37.279,18,80,34,0.287,15.319,5,45,14,0.478,23.513,10,34,24
92,cos7WT-cgamutantgfp-PLL-Ba2mM-boite1-11052021.lif - Series005,0.291,73.171,20,161,64,0.433,79.000,23,248,50,0.516,60.323,23,126,50,0.478,10.783,5,20,11,0.466,12.295,4,21,12,0.433,35.740,17,77,34,0.287,15.870,4,35,15,0.478,24.191,14,34,25
93,cos7WT-cgamutantgfp-PLL-Ba2mM-boite1-11052021.lif - Series005,0.291,70.429,22,159,63,0.433,74.635,23,240,50,0.516,62.734,21,142,53,0.478,9.574,2,18,10,0.466,11.875,3,28,12,0.433,33.385,17,59,32,0.287,14.565,6,36,13,0.478,23.983,13,34,24
94,cos7WT-cgamutantgfp-PLL-Ba2mM-boite1-11052021.lif - Series005,0.291,70.000,26,143,64,0.433,73.971,25,233,50,0.516,61.855,21,138,51,0.478,9.591,2,18,10,0.466,12.545,4,20,13,0.433,33.394,16,64,30,0.287,14.638,6,35,13,0.478,24.096,15,38,24
95,cos7WT-cgamutantgfp-PLL-Ba2mM-boite1-11052021.lif - Series005,0.291,66.029,28,143,62,0.433,74.731,23,228,56,0.516,62.669,22,133,55,0.478,9.904,1,25,10,0.466,12.062,5,20,12,0.433,32.587,17,57,30,0.287,14.899,6,35,14,0.478,23.478,14,35,23
96,cos7WT-cgamutantgfp-PLL-Ba2mM-boite1-11052021.lif - Series005,0.291,63.257,24,120,62,0.433,76.442,25,227,54,0.516,61.847,24,124,54,0.478,10.322,5,18,10,0.466,12.232,4,25,12,0.433,33.663,13,65,31,0.287,13.739,4,35,12,0.478,24.087,13,36,24
97,cos7WT-cgamutantgfp-PLL-Ba2mM-boite1-11052021.lif - Series005,0.291,67.029,25,125,58,0.433,67.404,23,203,51,0.516,61.887,23,128,52,0.478,10.730,4,19,10,0.466,11.982,4,21,11,0.433,33.029,14,59,31,0.287,14.536,3,35,13,0.478,23.496,13,38,23
98,cos7WT-cgamutantgfp-PLL-Ba2mM-boite1-11052021.lif - Series005,0.291,64.743,22,125,61,0.433,70.962,20,199,56,0.516,59.863,22,122,53,0.478,9.826,3,19,10,0.466,12.536,5,20,13,0.433,35.212,16,69,34,0.287,15.261,5,42,14,0.478,24.174,13,35,24
99,cos7WT-cgamutantgfp-PLL-Ba2mM-boite1-11052021.lif - Series005,0.291,54.429,20,120,46,0.433,68.212,20,233,44,0.516,62.234,26,127,55,0.478,10.296,1,18,10,0.466,12.321,2,22,12,0.433,35.654,18,73,32,0.287,16.609,3,42,14,0.478,23.600,11,34,23
100,cos7WT-cgamutantgfp-PLL-Ba2mM-boite1-11052021.lif - Series005,0.291,50.443,14,102,45,0.433,67.654,17,229,44,0.516,62.427,25,132,56,0.478,9.791,3,18,10,0.466,11.821,5,23,12,0.433,31.481,16,67,29,0.287,16.580,4,50,15,0.478,23.157,15,35,23
101,cos7WT-cgamutantgfp-PLL-Ba2mM-boite1-11052021.lif - Series005,0.291,50.386,16,100,49,0.433,68.644,21,209,44,0.516,60.960,22,129,56,0.478,10.687,4,18,10,0.466,12.018,5,19,12,0.433,30.779,13,63,27,0.287,16.594,5,43,14,0.478,24.670,16,33,25
102,cos7WT-cgamutantgfp-PLL-Ba2mM-boite1-11052021.lif - Series005,0.291,54.229,20,114,51,0.433,70.933,24,217,49,0.516,61.911,25,128,56,0.478,9.678,1,19,10,0.466,11.759,4,18,12,0.433,31.510,12,67,29,0.287,16.391,4,41,14,0.478,22.878,10,37,22
103,cos7WT-cgamutantgfp-PLL-Ba2mM-boite1-11052021.lif - Series005,0.291,55.571,21,111,50,0.433,68.202,23,204,48,0.516,64.274,30,131,59,0.478,10.774,0,20,11,0.466,11.991,5,22,12,0.433,32.298,13,73,29,0.287,16.783,5,43,15,0.478,22.417,12,31,22
104,cos7WT-cgamutantgfp-PLL-Ba2mM-boite1-11052021.lif - Series005,0.291,76.543,24,162,69,0.433,71.058,20,217,48,0.516,62.419,26,133,56,0.478,10.339,3,17,10,0.466,11.920,5,24,12,0.433,31.760,11,67,29,0.287,16.986,6,50,15,0.478,22.226,12,34,22
105,cos7WT-cgamutantgfp-PLL-Ba2mM-boite1-11052021.lif - Series005,0.291,79.043,28,155,69,0.433,70.875,23,204,48,0.516,61.661,18,125,56,0.478,10.104,3,21,10,0.466,12.982,3,21,13,0.433,32.365,16,71,29,0.287,16.116,4,46,14,0.478,21.730,11,37,21
106,cos7WT-cgamutantgfp-PLL-Ba2mM-boite1-11052021.lif - Series005,0.291,67.929,32,131,64,0.433,82.183,27,252,60,0.516,60.185,24,121,52,0.478,10.235,4,19,10,0.466,12.848,5,23,13,0.433,32.769,16,72,29,0.287,16.623,5,52,14,0.478,22.887,14,34,23
107,cos7WT-cgamutantgfp-PLL-Ba2mM-boite1-11052021.lif - Series005,0.291,69.543,28,153,66,0.433,80.731,20,253,53,0.516,62.960,22,134,57,0.478,10.470,3,19,10,0.466,13.125,6,23,13,0.433,32.019,17,68,28,0.287,16.014,4,43,14,0.478,22.817,13,35,22
108,cos7WT-cgamutantgfp-PLL-Ba2mM-boite1-11052021.lif - Series005,0.291,74.243,20,141,66,0.433,78.846,27,226,57,0.516,64.718,28,126,58,0.478,9.922,1,18,10,0.466,13.795,4,28,14,0.433,30.500,13,66,26,0.287,15.406,2,40,13,0.478,22.722,10,35,23
109,cos7WT-cgamutantgfp-PLL-Ba2mM-boite1-11052021.lif - Series005,0.291,77.786,30,178,74,0.433,77.250,25,214,56,0.516,66.532,28,137,58,0.478,10.226,4,20,10,0.466,13.571,4,24,14,0.433,30.760,14,63,27,0.287,15.812,3,46,13,0.478,22.957,10,34,23
110,cos7WT-cgamutantgfp-PLL-Ba2mM-boite1-11052021.lif - Series005,0.291,78.614,38,174,72,0.433,77.827,26,215,56,0.516,64.315,18,125,60,0.478,10.304,1,19,10,0.466,12.045,5,21,12,0.433,30.346,9,65,27,0.287,14.739,5,42,12,0.478,23.078,13,39,23
111,cos7WT-cgamutantgfp-PLL-Ba2mM-boite1-11052021.lif - Series005,0.291,81.414,26,154,72,0.433,79.385,20,235,56,0.516,64.290,23,138,58,0.478,10.817,3,19,11,0.466,11.714,4,21,12,0.433,30.596,5,75,26,0.287,16.159,5,43,14,0.478,22.748,13,34,23
112,cos7WT-cgamutantgfp-PLL-Ba2mM-boite1-11052021.lif - Series005,0.291,74.143,28,139,62,0.433,76.846,24,237,56,0.516,63.847,23,135,57,0.478,10.443,0,21,10,0.466,12.804,7,21,13,0.433,30.673,9,72,26,0.287,15.594,3,36,14,0.478,22.409,11,37,22
113,cos7WT-cgamutantgfp-PLL-Ba2mM-boite1-11052021.lif - Series005,0.291,74.157,33,159,67,0.433,78.356,25,235,56,0.516,65.613,28,126,57,0.478,10.583,5,18,10,0.466,12.446,5,22,12,0.433,32.000,13,71,28,0.287,14.884,2,47,13,0.478,22.948,14,34,23
114,cos7WT-cgamutantgfp-PLL-Ba2mM-boite1-11052021.lif - Series005,0.291,80.071,33,160,73,0.433,82.298,26,251,61,0.516,65.347,22,137,59,0.478,10.287,4,19,10,0.466,12.062,4,21,12,0.433,31.558,13,68,28,0.287,16.493,4,43,14,0.478,22.765,15,32,23
115,cos7WT-cgamutantgfp-PLL-Ba2mM-boite1-11052021.lif - Series005,0.291,82.957,38,184,74,0.433,76.894,23,238,55,0.516,64.823,21,128,59,0.478,10.791,3,20,11,0.466,11.964,4,19,12,0.433,30.404,12,66,27,0.287,16.130,3,47,13,0.478,22.304,14,36,22
116,cos7WT-cgamutantgfp-PLL-Ba2mM-boite1-11052021.lif - Series005,0.291,78.814,33,175,67,0.433,78.635,20,242,54,0.516,65.468,19,143,57,0.478,10.061,3,18,10,0.466,11.759,4,21,12,0.433,31.510,10,68,28,0.287,14.841,3,43,12,0.478,22.991,11,33,23
117,cos7WT-cgamutantgfp-PLL-Ba2mM-boite1-11052021.lif - Series005,0.291,75.057,34,147,63,0.433,75.962,21,223,55,0.516,63.806,21,137,59,0.478,10.470,1,20,10,0.466,12.384,4,23,12,0.433,33.654,14,67,31,0.287,15.609,6,40,13,0.478,22.652,11,36,23
118,cos7WT-cgamutantgfp-PLL-Ba2mM-boite1-11052021.lif - Series005,0.291,158.814,63,255,136,0.433,77.125,26,225,55,0.516,62.137,20,132,53,0.478,10.357,1,19,10,0.466,12.107,3,20,12,0.433,35.933,15,74,33,0.287,16.058,3,43,14,0.478,22.861,13,34,23
119,cos7WT-cgamutantgfp-PLL-Ba2mM-boite1-11052021.lif - Series005,0.291,148.100,52,255,135,0.433,79.577,25,227,58,0.516,65.105,17,143,56,0.478,11.217,2,20,11,0.466,11.920,5,22,12,0.433,87.038,32,170,79,0.287,14.986,3,44,14,0.478,23.722,13,32,24
120,cos7WT-cgamutantgfp-PLL-Ba2mM-boite1-11052021.lif - Series005,0.291,123.486,37,255,117,0.433,80.048,25,244,60,0.516,68.540,24,141,59,0.478,11.139,5,18,11,0.466,11.786,4,19,11,0.433,76.279,29,150,74,0.287,15.884,5,36,15,0.478,23.835,14,34,23
121,cos7WT-cgamutantgfp-PLL-Ba2mM-boite1-11052021.lif - Series005,0.291,99.829,41,199,86,0.433,79.904,23,229,57,0.516,67.653,20,149,56,0.478,11.974,5,25,12,0.466,12.214,5,20,12,0.433,71.279,26,130,67,0.287,16.783,5,47,15,0.478,24.583,16,34,25
122,cos7WT-cgamutantgfp-PLL-Ba2mM-boite1-11052021.lif - Series005,0.291,65.600,26,149,52,0.433,79.221,27,237,57,0.516,68.016,26,159,56,0.478,12.130,5,22,12,0.466,11.821,6,23,12,0.433,67.952,23,135,63,0.287,16.246,6,38,14,0.478,23.148,13,36,23
123,cos7WT-cgamutantgfp-PLL-Ba2mM-boite1-11052021.lif - Series005,0.291,43.414,19,121,37,0.433,77.385,27,227,56,0.516,68.008,19,158,58,0.478,12.200,5,18,12,0.466,12.536,4,20,12,0.433,65.856,29,136,62,0.287,16.942,7,40,15,0.478,25.148,15,37,25
124,cos7WT-cgamutantgfp-PLL-Ba2mM-boite1-11052021.lif - Series005,0.291,35.700,15,84,31,0.433,75.000,23,219,54,0.516,69.685,20,155,56,0.478,11.922,3,21,12,0.466,11.821,4,20,11,0.433,60.010,23,118,56,0.287,17.029,3,44,15,0.478,24.417,15,37,24
125,cos7WT-cgamutantgfp-PLL-Ba2mM-boite1-11052021.lif - Series005,0.291,36.157,16,83,31,0.433,78.750,24,223,60,0.516,67.806,17,148,58,0.478,12.235,4,21,12,0.466,11.911,4,19,12,0.433,57.077,17,118,52,0.287,16.841,7,40,15,0.478,23.722,12,37,24
126,cos7WT-cgamutantgfp-PLL-Ba2mM-boite1-11052021.lif - Series005,0.291,32.171,14,67,29,0.433,82.212,24,255,59,0.516,65.831,21,143,56,0.478,12.470,6,21,12,0.466,12.804,0,20,13,0.433,52.913,21,99,50,0.287,16.087,4,36,15,0.478,23.070,8,36,24
127,cos7WT-cgamutantgfp-PLL-Ba2mM-boite1-11052021.lif - Series005,0.291,30.443,12,70,27,0.433,86.712,24,255,62,0.516,66.468,24,144,56,0.478,11.513,5,21,12,0.466,12.009,5,21,12,0.433,53.548,23,101,50,0.287,15.942,4,37,15,0.478,23.600,10,36,23
128,cos7WT-cgamutantgfp-PLL-Ba2mM-boite1-11052021.lif - Series005,0.291,30.014,16,57,28,0.433,86.971,28,255,64,0.516,69.315,20,154,62,0.478,11.704,4,22,11,0.466,11.705,5,24,11,0.433,51.404,24,96,49,0.287,15.478,5,37,14,0.478,23.765,15,35,24
129,cos7WT-cgamutantgfp-PLL-Ba2mM-boite1-11052021.lif - Series005,0.291,28.143,16,52,26,0.433,86.413,29,255,59,0.516,68.855,21,151,56,0.478,10.974,5,18,11,0.466,12.223,4,23,12,0.433,50.769,20,97,47,0.287,15.783,6,42,14,0.478,24.522,15,36,24
130,cos7WT-cgamutantgfp-PLL-Ba2mM-boite1-11052021.lif - Series005,0.291,28.314,12,55,26,0.433,89.875,28,255,62,0.516,71.153,25,161,61,0.478,10.896,5,21,11,0.466,11.982,3,20,12,0.433,49.298,21,91,46,0.287,14.841,6,39,13,0.478,24.635,14,38,24
131,cos7WT-cgamutantgfp-PLL-Ba2mM-boite1-11052021.lif - Series005,0.291,30.500,15,54,30,0.433,92.375,27,255,70,0.516,72.218,23,173,60,0.478,10.139,1,18,10,0.466,12.000,4,22,12,0.433,45.298,21,92,42,0.287,15.101,4,44,13,0.478,24.096,14,34,24
132,cos7WT-cgamutantgfp-PLL-Ba2mM-boite1-11052021.lif - Series005,0.291,30.443,15,58,27,0.433,92.269,30,255,67,0.516,70.435,24,149,62,0.478,10.861,1,22,10,0.466,12.714,5,26,12,0.433,46.500,20,84,43,0.287,14.826,5,37,13,0.478,23.748,15,31,24
133,cos7WT-cgamutantgfp-PLL-Ba2mM-boite1-11052021.lif - Series005,0.291,30.357,12,63,26,0.433,92.510,26,255,68,0.516,71.032,21,156,60,0.478,11.617,1,23,11,0.466,11.464,3,23,11,0.433,44.269,17,87,43,0.287,14.725,5,37,13,0.478,23.670,15,33,24
134,cos7WT-cgamutantgfp-PLL-Ba2mM-boite1-11052021.lif - Series005,0.291,29.214,12,54,28,0.433,92.952,22,255,67,0.516,66.581,17,159,52,0.478,11.322,5,22,11,0.466,11.875,4,21,12,0.433,43.269,17,79,41,0.287,17.290,6,45,16,0.478,24.104,14,35,24
135,cos7WT-cgamutantgfp-PLL-Ba2mM-boite1-11052021.lif - Series005,0.291,30.686,9,60,28,0.433,92.779,27,255,71,0.516,67.605,23,148,55,0.478,10.652,3,18,11,0.466,11.964,5,22,12,0.433,40.942,18,74,40,0.287,22.478,8,47,21,0.478,23.400,12,36,23
136,cos7WT-cgamutantgfp-PLL-Ba2mM-boite1-11052021.lif - Series005,0.291,33.943,14,74,31,0.433,95.933,24,255,76,0.516,66.992,22,160,57,0.478,10.704,5,18,10,0.466,11.875,3,20,12,0.433,41.375,15,73,39,0.287,25.841,5,56,26,0.478,23.783,12,33,24
137,cos7WT-cgamutantgfp-PLL-Ba2mM-boite1-11052021.lif - Series005,0.291,37.714,12,85,34,0.433,99.885,27,255,74,0.516,69.895,18,168,57,0.478,11.139,2,21,11,0.466,11.625,5,22,12,0.433,40.933,18,77,38,0.287,29.638,10,66,29,0.478,23.809,14,37,24
138,cos7WT-cgamutantgfp-PLL-Ba2mM-boite1-11052021.lif - Series005,0.291,38.643,16,76,36,0.433,100.106,25,255,78,0.516,67.040,19,164,57,0.478,11.052,3,23,11,0.466,12.446,6,19,12,0.433,39.029,15,79,37,0.287,29.304,9,53,29,0.478,23.087,12,36,23
139,cos7WT-cgamutantgfp-PLL-Ba2mM-boite1-11052021.lif - Series005,0.291,36.843,17,74,32,0.433,90.750,28,255,69,0.516,65.065,21,146,54,0.478,10.878,4,27,11,0.466,12.054,4,20,12,0.433,39.327,15,79,36,0.287,28.725,7,56,30,0.478,22.478,13,33,22
140,cos7WT-cgamutantgfp-PLL-Ba2mM-boite1-11052021.lif - Series005,0.291,36.729,16,77,35,0.433,86.490,29,255,66,0.516,65.702,18,152,54,0.478,11.165,3,20,11,0.466,12.304,6,19,12,0.433,38.865,16,72,36,0.287,28.623,8,51,27,0.478,23.757,12,36,24
141,cos7WT-cgamutantgfp-PLL-Ba2mM-boite1-11052021.lif - Series005,0.291,35.086,15,72,33,0.433,84.731,23,255,65,0.516,63.573,23,143,53,0.478,11.330,1,22,11,0.466,11.696,5,20,11,0.433,39.952,13,71,37,0.287,29.014,11,55,29,0.478,23.409,13,34,24
142,cos7WT-cgamutantgfp-PLL-Ba2mM-boite1-11052021.lif - Series005,0.291,33.729,13,65,32,0.433,89.962,19,255,64,0.516,64.452,16,147,56,0.478,10.722,2,17,10,0.466,12.438,4,23,13,0.433,40.019,15,79,37,0.287,28.928,11,53,29,0.478,23.539,13,35,24
143,cos7WT-cgamutantgfp-PLL-Ba2mM-boite1-11052021.lif - Series005,0.291,34.829,15,70,33,0.433,93.404,20,255,70,0.516,64.081,21,142,55,0.478,11.270,3,21,11,0.466,12.616,2,21,13,0.433,37.269,13,66,36,0.287,29.928,9,56,30,0.478,23.530,12,38,24
144,cos7WT-cgamutantgfp-PLL-Ba2mM-boite1-11052021.lif - Series005,0.291,34.600,12,67,31,0.433,87.183,26,246,66,0.516,65.016,23,137,57,0.478,10.365,4,18,10,0.466,11.955,4,21,12,0.433,38.019,15,84,36,0.287,28.261,8,52,28,0.478,22.861,14,31,23
145,cos7WT-cgamutantgfp-PLL-Ba2mM-boite1-11052021.lif - Series005,0.291,37.214,14,71,34,0.433,82.827,25,235,58,0.516,63.944,22,143,57,0.478,10.165,3,19,10,0.466,12.000,4,20,12,0.433,36.365,17,68,34,0.287,27.304,6,48,24,0.478,23.600,13,36,23
146,cos7WT-cgamutantgfp-PLL-Ba2mM-boite1-11052021.lif - Series005,0.291,38.043,13,76,34,0.433,83.048,22,242,63,0.516,65.831,21,151,59,0.478,10.357,2,17,10,0.466,12.312,5,24,13,0.433,36.375,12,71,34,0.287,27.420,8,53,26,0.478,23.243,9,35,23
147,cos7WT-cgamutantgfp-PLL-Ba2mM-boite1-11052021.lif - Series005,0.291,36.629,14,72,34,0.433,83.827,28,241,65,0.516,62.476,19,137,53,0.478,10.443,1,18,10,0.466,12.571,5,27,12,0.433,35.817,14,67,35,0.287,26.420,6,55,24,0.478,22.235,13,33,22
148,cos7WT-cgamutantgfp-PLL-Ba2mM-boite1-11052021.lif - Series005,0.291,35.643,15,66,31,0.433,78.962,26,238,60,0.516,60.944,23,148,53,0.478,10.122,4,19,10,0.466,12.107,5,21,12,0.433,36.510,18,69,35,0.287,28.275,7,55,26,0.478,22.896,10,36,23
149,cos7WT-cgamutantgfp-PLL-Ba2mM-boite1-11052021.lif - Series005,0.291,32.357,17,61,29,0.433,79.452,23,216,59,0.516,62.024,22,138,54,0.478,10.704,3,19,10,0.466,12.384,5,20,12,0.433,33.760,15,69,33,0.287,29.812,9,66,30,0.478,22.670,9,31,23
150,cos7WT-cgamutantgfp-PLL-Ba2mM-boite1-11052021.lif - Series005,0.291,31.171,13,61,28,0.433,78.327,21,240,56,0.516,59.798,20,128,51,0.478,10.339,4,19,10,0.466,12.911,5,22,13,0.433,34.567,13,61,34,0.287,31.928,7,62,31,0.478,23.409,14,33,23
151,cos7WT-cgamutantgfp-PLL-Ba2mM-boite1-11052021.lif - Series005,0.291,28.357,11,59,25,0.433,85.125,22,255,58,0.516,59.677,16,135,50,0.478,11.226,3,20,11,0.466,11.902,4,21,12,0.433,34.221,12,62,33,0.287,32.594,7,64,32,0.478,23.122,11,33,23
152,cos7WT-cgamutantgfp-PLL-Ba2mM-boite1-11052021.lif - Series005,0.291,28.057,9,56,26,0.433,88.635,24,254,64,0.516,60.694,20,137,51,0.478,11.609,5,21,11,0.466,11.625,2,19,12,0.433,35.394,17,72,35,0.287,33.870,5,71,31,0.478,22.443,12,35,23
153,cos7WT-cgamutantgfp-PLL-Ba2mM-boite1-11052021.lif - Series005,0.291,27.214,12,60,24,0.433,89.442,25,255,67,0.516,58.694,18,144,51,0.478,10.696,3,20,11,0.466,11.920,4,23,12,0.433,33.702,13,57,33,0.287,32.783,9,61,33,0.478,23.383,15,34,23
154,cos7WT-cgamutantgfp-PLL-Ba2mM-boite1-11052021.lif - Series005,0.291,27.500,10,58,24,0.433,89.731,26,255,66,0.516,60.710,18,149,56,0.478,11.443,5,20,11,0.466,12.295,4,20,12,0.433,32.423,15,54,31,0.287,32.449,7,69,29,0.478,23.183,9,37,23
155,cos7WT-cgamutantgfp-PLL-Ba2mM-boite1-11052021.lif - Series005,0.291,28.071,12,62,25,0.433,91.144,26,255,67,0.516,57.323,14,122,51,0.478,10.826,4,23,10,0.466,11.973,5,20,12,0.433,32.760,12,64,32,0.287,30.739,7,63,28,0.478,22.322,10,35,22
156,cos7WT-cgamutantgfp-PLL-Ba2mM-boite1-11052021.lif - Series005,0.291,27.286,14,54,25,0.433,89.365,27,255,64,0.516,55.944,17,124,49,0.478,13.148,2,30,13,0.466,11.812,5,24,12,0.433,32.375,15,56,31,0.287,31.159,8,63,29,0.478,22.504,11,32,23
157,cos7WT-cgamutantgfp-PLL-Ba2mM-boite1-11052021.lif - Series005,0.291,27.071,12,59,24,0.433,87.240,24,255,63,0.516,58.218,16,131,50,0.478,20.165,5,39,19,0.466,11.357,4,21,11,0.433,33.538,17,60,33,0.287,30.957,9,61,29,0.478,22.417,13,32,22
158,cos7WT-cgamutantgfp-PLL-Ba2mM-boite1-11052021.lif - Series005,0.291,29.314,13,57,25,0.433,81.394,23,235,65,0.516,57.468,15,120,51,0.478,12.774,4,27,12,0.466,11.652,5,19,11,0.433,32.769,17,60,32,0.287,29.812,6,60,28,0.478,22.078,12,32,22
159,cos7WT-cgamutantgfp-PLL-Ba2mM-boite1-11052021.lif - Series005,0.291,28.271,12,60,25,0.433,81.212,23,227,61,0.516,55.048,16,122,46,0.478,10.452,3,20,10,0.466,12.393,3,20,12,0.433,33.067,16,59,32,0.287,30.029,5,61,28,0.478,22.530,13,35,23
160,cos7WT-cgamutantgfp-PLL-Ba2mM-boite1-11052021.lif - Series005,0.291,27.614,10,56,25,0.433,80.885,21,229,57,0.516,55.806,14,129,48,0.478,10.513,3,20,10,0.466,11.571,3,19,12,0.433,32.962,16,61,32,0.287,32.768,7,65,32,0.478,22.774,13,31,23
161,cos7WT-cgamutantgfp-PLL-Ba2mM-boite1-11052021.lif - Series005,0.291,28.014,14,58,26,0.433,84.260,25,240,63,0.516,58.073,17,125,49,0.478,10.435,2,19,10,0.466,12.670,4,24,13,0.433,33.625,10,61,32,0.287,31.435,10,62,29,0.478,22.591,10,33,22
162,cos7WT-cgamutantgfp-PLL-Ba2mM-boite1-11052021.lif - Series005,0.291,29.686,13,59,26,0.433,89.654,21,255,65,0.516,57.766,17,125,51,0.478,10.530,5,20,10,0.466,12.205,2,26,12,0.433,33.154,16,58,32,0.287,36.362,11,78,36,0.478,22.391,12,35,22
163,cos7WT-cgamutantgfp-PLL-Ba2mM-boite1-11052021.lif - Series005,0.291,28.771,13,56,25,0.433,88.087,19,246,64,0.516,58.750,18,125,53,0.478,10.791,5,23,10,0.466,12.107,5,20,13,0.433,32.317,11,60,32,0.287,35.667,7,85,32,0.478,21.661,12,31,21
164,cos7WT-cgamutantgfp-PLL-Ba2mM-boite1-11052021.lif - Series005,0.291,28.614,10,57,25,0.433,91.596,23,255,68,0.516,58.855,20,139,52,0.478,9.948,2,16,10,0.466,12.375,3,21,12,0.433,31.510,13,54,31,0.287,34.507,7,80,34,0.478,21.922,13,41,22
165,cos7WT-cgamutantgfp-PLL-Ba2mM-boite1-11052021.lif - Series005,0.291,27.729,10,60,25,0.433,90.827,26,255,69,0.516,58.315,20,127,49,0.478,10.070,3,19,10,0.466,12.205,5,20,12,0.433,31.760,14,60,30,0.287,36.884,8,77,36,0.478,22.739,11,35,23
166,cos7WT-cgamutantgfp-PLL-Ba2mM-boite1-11052021.lif - Series005,0.291,29.429,11,55,26,0.433,90.163,23,255,68,0.516,56.024,20,122,45,0.478,10.278,2,20,10,0.466,12.438,6,20,12,0.433,31.856,15,59,30,0.287,35.377,8,75,33,0.478,22.200,12,34,22
167,cos7WT-cgamutantgfp-PLL-Ba2mM-boite1-11052021.lif - Series005,0.291,29.471,12,58,28,0.433,85.644,24,237,64,0.516,57.040,19,126,52,0.478,10.339,4,20,10,0.466,12.491,6,22,13,0.433,29.846,11,54,28,0.287,34.812,13,74,31,0.478,22.661,12,33,23
168,cos7WT-cgamutantgfp-PLL-Ba2mM-boite1-11052021.lif - Series005,0.291,28.929,13,61,26,0.433,81.212,26,213,59,0.516,56.629,19,119,50,0.478,10.365,5,18,10,0.466,12.696,3,22,13,0.433,30.356,16,56,30,0.287,33.855,9,70,32,0.478,22.313,12,38,23
169,cos7WT-cgamutantgfp-PLL-Ba2mM-boite1-11052021.lif - Series005,0.291,27.657,11,49,27,0.433,146.413,47,255,124,0.516,55.548,15,123,50,0.478,9.948,3,17,10,0.466,12.652,4,21,13,0.433,30.683,16,57,29,0.287,33.870,10,67,32,0.478,22.070,12,33,22
170,cos7WT-cgamutantgfp-PLL-Ba2mM-boite1-11052021.lif - Series005,0.291,27.457,7,48,26,0.433,161.558,50,255,155,0.516,55.315,13,123,49,0.478,10.661,4,20,10,0.466,12.884,6,20,13,0.433,29.663,15,50,29,0.287,34.696,12,70,35,0.478,22.878,15,32,23
171,cos7WT-cgamutantgfp-PLL-Ba2mM-boite1-11052021.lif - Series005,0.291,27.614,14,50,26,0.433,152.990,40,255,134,0.516,55.831,17,130,49,0.478,10.122,3,19,10,0.466,12.080,4,20,12,0.433,29.394,15,54,28,0.287,35.623,14,73,33,0.478,22.183,12,33,22
172,cos7WT-cgamutantgfp-PLL-Ba2mM-boite1-11052021.lif - Series005,0.291,27.929,10,53,26,0.433,144.837,36,255,125,0.516,57.411,18,118,51,0.478,10.078,1,19,10,0.466,11.714,1,23,12,0.433,31.231,13,55,31,0.287,75.000,27,162,65,0.478,22.470,14,30,23
173,cos7WT-cgamutantgfp-PLL-Ba2mM-boite1-11052021.lif - Series005,0.291,27.571,10,53,25,0.433,138.442,31,255,121,0.516,57.677,14,121,52,0.478,10.409,4,17,10,0.466,12.589,6,24,13,0.433,30.510,16,51,29,0.287,75.087,28,177,66,0.478,22.304,12,31,22
174,cos7WT-cgamutantgfp-PLL-Ba2mM-boite1-11052021.lif - Series005,0.291,28.300,13,60,27,0.433,132.577,29,255,115,0.516,59.742,16,121,55,0.478,11.052,3,24,11,0.466,11.438,3,21,11,0.433,29.769,12,50,29,0.287,57.014,23,117,48,0.478,22.417,13,33,22
175,cos7WT-cgamutantgfp-PLL-Ba2mM-boite1-11052021.lif - Series005,0.291,27.371,13,55,24,0.433,128.721,30,255,106,0.516,60.306,18,139,50,0.478,11.043,2,20,11,0.466,12.527,4,21,12,0.433,30.894,12,52,30,0.287,43.913,16,83,41,0.478,21.504,12,34,21
176,cos7WT-cgamutantgfp-PLL-Ba2mM-boite1-11052021.lif - Series005,0.291,28.986,12,54,27,0.433,122.308,31,255,101,0.516,61.524,18,139,52,0.478,10.722,5,17,11,0.466,12.134,4,26,12,0.433,29.760,13,59,28,0.287,41.522,18,71,38,0.478,21.765,10,34,22
177,cos7WT-cgamutantgfp-PLL-Ba2mM-boite1-11052021.lif - Series005,0.291,28.186,13,49,26,0.433,119.788,30,255,105,0.516,60.823,20,145,54,0.478,10.974,4,20,11,0.466,11.696,5,20,11,0.433,28.760,15,51,27,0.287,41.522,18,80,34,0.478,22.574,14,35,22
178,cos7WT-cgamutantgfp-PLL-Ba2mM-boite1-11052021.lif - Series005,0.291,26.971,11,52,25,0.433,119.279,28,255,101,0.516,62.435,21,129,56,0.478,11.330,5,20,12,0.466,11.438,4,19,12,0.433,28.558,13,51,28,0.287,48.449,15,99,43,0.478,24.157,16,38,24
179,cos7WT-cgamutantgfp-PLL-Ba2mM-boite1-11052021.lif - Series005,0.291,26.914,13,54,23,0.433,119.125,32,255,99,0.516,61.613,23,138,52,0.478,10.835,2,22,10,0.466,11.295,4,19,11,0.433,28.500,15,50,27,0.287,45.348,16,105,41,0.478,23.539,15,35,23
180,cos7WT-cgamutantgfp-PLL-Ba2mM-boite1-11052021.lif - Series005,0.291,26.457,14,48,24,0.433,111.760,26,255,90,0.516,62.815,17,136,57,0.478,11.000,2,20,10,0.466,11.080,4,22,11,0.433,28.663,11,49,29,0.287,40.522,10,90,37,0.478,23.357,11,34,24
181,cos7WT-cgamutantgfp-PLL-Ba2mM-boite1-11052021.lif - Series005,0.291,28.129,11,51,26,0.433,116.817,27,255,102,0.516,63.532,21,160,54,0.478,11.139,5,18,11,0.466,12.304,4,20,13,0.433,28.317,11,53,28,0.287,39.681,10,82,36,0.478,22.722,13,32,23
182,cos7WT-cgamutantgfp-PLL-Ba2mM-boite1-11052021.lif - Series005,0.291,28.186,14,51,26,0.433,117.894,24,255,108,0.516,62.242,15,131,55,0.478,11.417,4,21,11,0.466,11.652,5,20,11,0.433,29.010,12,53,28,0.287,38.928,13,80,36,0.478,23.035,14,34,23
183,cos7WT-cgamutantgfp-PLL-Ba2mM-boite1-11052021.lif - Series005,0.291,27.957,11,50,26,0.433,118.471,20,255,103,0.516,63.258,19,140,55,0.478,11.452,2,19,11,0.466,11.625,4,20,12,0.433,29.154,14,52,27,0.287,38.101,13,77,34,0.478,22.061,9,36,22
184,cos7WT-cgamutantgfp-PLL-Ba2mM-boite1-11052021.lif - Series005,0.291,27.386,11,46,25,0.433,121.356,26,255,105,0.516,64.492,22,143,56,0.478,11.087,5,20,11,0.466,11.857,5,18,12,0.433,28.173,16,53,26,0.287,39.333,14,84,34,0.478,22.304,9,38,22
185,cos7WT-cgamutantgfp-PLL-Ba2mM-boite1-11052021.lif - Series005,0.291,26.729,12,51,26,0.433,116.894,28,255,95,0.516,64.758,19,144,57,0.478,15.643,6,27,15,0.466,11.768,4,20,12,0.433,29.394,13,54,27,0.287,38.507,14,77,33,0.478,23.313,13,34,23
186,cos7WT-cgamutantgfp-PLL-Ba2mM-boite1-11052021.lif - Series005,0.291,28.586,10,54,27,0.433,120.221,23,255,106,0.516,64.435,20,143,56,0.478,17.070,4,46,15,0.466,11.598,1,21,12,0.433,29.077,12,57,27,0.287,39.101,11,78,37,0.478,22.678,11,37,23
187,cos7WT-cgamutantgfp-PLL-Ba2mM-boite1-11052021.lif - Series005,0.291,26.629,13,54,25,0.433,115.635,29,255,97,0.516,65.161,20,152,58,0.478,14.757,3,37,14,0.466,11.402,5,19,11,0.433,28.385,10,56,28,0.287,31.971,10,63,29,0.478,21.826,12,31,22
188,cos7WT-cgamutantgfp-PLL-Ba2mM-boite1-11052021.lif - Series005,0.291,26.943,11,47,25,0.433,111.510,29,238,102,0.516,65.685,20,153,57,0.478,13.783,4,31,13,0.466,11.705,3,21,11,0.433,29.221,13,51,29,0.287,31.652,10,54,31,0.478,21.904,13,34,21
189,cos7WT-cgamutantgfp-PLL-Ba2mM-boite1-11052021.lif - Series005,0.291,28.100,12,47,27,0.433,112.048,28,255,101,0.516,65.839,20,155,59,0.478,16.087,3,36,15,0.466,12.330,4,21,12,0.433,27.885,12,56,27,0.287,31.493,15,55,29,0.478,21.974,10,32,22
190,cos7WT-cgamutantgfp-PLL-Ba2mM-boite1-11052021.lif - Series005,0.291,29.043,14,53,28,0.433,108.885,31,243,93,0.516,65.685,19,153,58,0.478,19.296,6,58,16,0.466,11.402,4,27,12,0.433,28.462,10,49,26,0.287,30.275,13,63,28,0.478,22.087,10,33,22
191,cos7WT-cgamutantgfp-PLL-Ba2mM-boite1-11052021.lif - Series005,0.291,29.314,14,48,27,0.433,108.625,26,255,84,0.516,66.806,15,154,55,0.478,25.165,5,84,18,0.466,10.723,4,20,11,0.433,27.971,12,50,26,0.287,30.087,10,58,27,0.478,20.991,11,34,21
192,cos7WT-cgamutantgfp-PLL-Ba2mM-boite1-11052021.lif - Series005,0.291,28.214,14,52,28,0.433,106.250,24,241,82,0.516,64.306,16,153,51,0.478,25.261,5,82,19,0.466,12.348,5,19,13,0.433,27.856,7,48,27,0.287,28.565,10,61,25,0.478,22.304,12,34,22
193,cos7WT-cgamutantgfp-PLL-Ba2mM-boite1-11052021.lif - Series005,0.291,27.029,9,45,25,0.433,100.240,18,255,85,0.516,64.645,19,151,53,0.478,28.035,6,79,19,0.466,11.893,3,19,12,0.433,27.240,12,54,26,0.287,25.667,14,47,23,0.478,21.591,8,32,21
194,cos7WT-cgamutantgfp-PLL-Ba2mM-boite1-11052021.lif - Series005,0.291,27.486,14,52,27,0.433,98.135,20,228,85,0.516,63.500,16,149,52,0.478,28.809,9,92,19,0.466,11.750,3,24,12,0.433,26.596,9,48,26,0.287,26.188,10,44,27,0.478,21.539,13,29,21
195,cos7WT-cgamutantgfp-PLL-Ba2mM-boite1-11052021.lif - Series005,0.291,26.400,13,48,26,0.433,92.240,23,227,77,0.516,62.847,18,142,50,0.478,27.643,7,79,21,0.466,11.857,5,21,11,0.433,26.731,14,42,26,0.287,25.058,10,49,25,0.478,21.774,13,33,22
196,cos7WT-cgamutantgfp-PLL-Ba2mM-boite1-11052021.lif - Series005,0.291,25.671,12,47,23,0.433,95.000,23,239,81,0.516,65.403,19,145,56,0.478,30.817,6,84,23,0.466,11.571,5,20,12,0.433,25.904,9,47,26,0.287,24.841,9,45,25,0.478,22.443,13,33,22
197,cos7WT-cgamutantgfp-PLL-Ba2mM-boite1-11052021.lif - Series005,0.291,25.157,10,46,23,0.433,91.587,23,201,79,0.516,66.726,18,155,60,0.478,31.130,10,87,24,0.466,12.277,4,20,13,0.433,26.462,11,46,25,0.287,24.580,12,46,22,0.478,22.791,13,34,22
198,cos7WT-cgamutantgfp-PLL-Ba2mM-boite1-11052021.lif - Series005,0.291,25.743,9,48,24,0.433,89.327,26,203,80,0.516,64.185,20,146,56,0.478,27.809,6,82,22,0.466,12.277,5,21,12,0.433,27.029,12,47,26,0.287,23.638,12,46,23,0.478,22.017,14,33,22
199,cos7WT-cgamutantgfp-PLL-Ba2mM-boite1-11052021.lif - Series005,0.291,25.757,9,43,25,0.433,84.510,21,184,77,0.516,64.500,14,135,59,0.478,25.948,5,68,22,0.466,12.045,4,22,12,0.433,26.144,10,44,26,0.287,22.870,11,47,23,0.478,22.583,14,30,23
200,cos7WT-cgamutantgfp-PLL-Ba2mM-boite1-11052021.lif - Series005,0.291,25.257,10,44,25,0.433,81.231,23,169,73,0.516,62.016,19,131,56,0.478,25.287,10,77,20,0.466,12.277,5,23,12,0.433,26.183,11,43,26,0.287,23.565,13,37,23,0.478,22.304,12,33,22
201,cos7WT-cgamutantgfp-PLL-Ba2mM-boite1-11052021.lif - Series005,0.291,25.929,12,45,25,0.433,81.923,25,171,76,0.516,61.137,23,122,57,0.478,23.991,6,57,20,0.466,11.741,3,19,12,0.433,25.596,11,41,26,0.287,21.493,11,35,21,0.478,22.670,8,33,23
202,cos7WT-cgamutantgfp-PLL-Ba2mM-boite1-11052021.lif - Series005,0.291,24.529,15,44,24,0.433,79.337,25,189,69,0.516,61.573,17,128,61,0.478,24.643,8,61,20,0.466,12.545,4,21,13,0.433,26.212,11,42,26,0.287,20.942,6,35,21,0.478,22.522,12,33,22
203,cos7WT-cgamutantgfp-PLL-Ba2mM-boite1-11052021.lif - Series005,0.291,24.743,12,47,22,0.433,78.952,23,188,71,0.516,60.323,19,141,53,0.478,24.035,7,59,20,0.466,11.893,4,19,12,0.433,25.433,10,42,25,0.287,20.681,6,32,21,0.478,22.696,10,33,23
204,cos7WT-cgamutantgfp-PLL-Ba2mM-boite1-11052021.lif - Series005,0.291,24.557,10,49,23,0.433,74.933,22,162,66,0.516,58.565,16,135,50,0.478,23.374,7,61,19,0.466,12.688,5,20,13,0.433,26.144,9,41,26,0.287,19.435,8,35,19,0.478,22.487,10,33,23
205,cos7WT-cgamutantgfp-PLL-Ba2mM-boite1-11052021.lif - Series005,0.291,24.514,10,41,24,0.433,76.125,23,185,70,0.516,60.065,15,127,51,0.478,25.357,6,71,20,0.466,12.277,2,22,12,0.433,25.731,8,48,26,0.287,20.145,7,32,21,0.478,22.504,10,32,23
206,cos7WT-cgamutantgfp-PLL-Ba2mM-boite1-11052021.lif - Series005,0.291,24.286,11,44,24,0.433,77.990,18,167,72,0.516,59.806,23,133,54,0.478,26.217,7,64,21,0.466,13.455,6,27,14,0.433,26.519,12,42,26,0.287,20.087,11,35,20,0.478,22.330,7,30,23
207,cos7WT-cgamutantgfp-PLL-Ba2mM-boite1-11052021.lif - Series005,0.291,24.957,11,47,23,0.433,75.750,17,169,69,0.516,62.903,19,128,58,0.478,25.861,8,72,20,0.466,13.152,5,20,13,0.433,25.894,11,46,25,0.287,18.420,7,31,17,0.478,22.026,9,34,22
208,cos7WT-cgamutantgfp-PLL-Ba2mM-boite1-11052021.lif - Series005,0.291,25.314,14,48,24,0.433,75.827,15,163,68,0.516,65.694,24,149,59,0.478,27.122,4,69,22,0.466,12.598,5,21,12,0.433,25.125,11,44,25,0.287,19.507,9,36,19,0.478,22.226,11,37,22
209,cos7WT-cgamutantgfp-PLL-Ba2mM-boite1-11052021.lif - Series005,0.291,24.614,12,53,23,0.433,78.519,19,175,68,0.516,64.766,21,125,61,0.478,28.565,8,76,23,0.466,12.223,4,20,12,0.433,24.904,9,39,25,0.287,19.536,7,35,20,0.478,22.017,13,30,22
210,cos7WT-cgamutantgfp-PLL-Ba2mM-boite1-11052021.lif - Series005,0.291,23.171,9,47,22,0.433,72.500,21,163,65,0.516,62.556,23,131,59,0.478,28.661,7,74,24,0.466,13.393,5,20,14,0.433,24.971,15,39,24,0.287,18.696,9,31,18,0.478,23.330,9,34,24
211,cos7WT-cgamutantgfp-PLL-Ba2mM-boite1-11052021.lif - Series005,0.291,24.957,10,48,24,0.433,71.000,20,152,63,0.516,64.992,22,141,60,0.478,31.383,11,76,23,0.466,12.643,6,21,13,0.433,26.510,10,46,26,0.287,18.478,5,28,19,0.478,22.209,11,31,22
212,cos7WT-cgamutantgfp-PLL-Ba2mM-boite1-11052021.lif - Series005,0.291,23.029,10,37,22,0.433,72.375,23,146,66,0.516,67.258,22,138,62,0.478,30.235,7,81,24,0.466,11.920,5,22,12,0.433,25.087,12,44,25,0.287,18.043,7,30,17,0.478,22.409,13,33,23
213,cos7WT-cgamutantgfp-PLL-Ba2mM-boite1-11052021.lif - Series005,0.291,23.814,11,49,22,0.433,71.519,19,156,66,0.516,68.935,23,138,67,0.478,31.861,9,85,25,0.466,12.598,4,23,13,0.433,25.779,9,42,25,0.287,16.232,6,35,16,0.478,22.365,14,33,22
214,cos7WT-cgamutantgfp-PLL-Ba2mM-boite1-11052021.lif - Series005,0.291,22.829,10,36,22,0.433,74.865,23,158,73,0.516,65.927,23,136,62,0.478,33.278,7,92,25,0.466,12.571,2,20,13,0.433,24.067,12,37,24,0.287,16.188,7,25,16,0.478,21.191,12,34,21
215,cos7WT-cgamutantgfp-PLL-Ba2mM-boite1-11052021.lif - Series005,0.291,23.429,8,45,23,0.433,73.212,22,153,68,0.516,73.347,27,147,68,0.478,34.557,6,92,28,0.466,12.045,4,22,12,0.433,24.981,12,45,25,0.287,17.014,6,28,17,0.478,22.565,9,32,23
216,cos7WT-cgamutantgfp-PLL-Ba2mM-boite1-11052021.lif - Series005,0.291,24.600,14,44,24,0.433,76.365,19,169,76,0.516,80.129,32,161,72,0.478,34.652,9,94,25,0.466,12.071,6,22,12,0.433,24.404,10,38,23,0.287,16.391,8,28,16,0.478,21.513,11,35,21
217,cos7WT-cgamutantgfp-PLL-Ba2mM-boite1-11052021.lif - Series005,0.291,25.957,10,46,24,0.433,77.413,20,184,70,0.516,80.532,34,166,72,0.478,35.930,10,96,30,0.466,11.973,3,25,12,0.433,25.452,13,41,25,0.287,17.565,5,34,17,0.478,21.548,10,36,22
218,cos7WT-cgamutantgfp-PLL-Ba2mM-boite1-11052021.lif - Series005,0.291,24.614,11,48,23,0.433,81.577,24,172,81,0.516,78.694,31,168,72,0.478,36.000,8,102,28,0.466,12.339,5,23,12,0.433,25.192,12,41,24,0.287,17.275,8,29,17,0.478,22.009,14,32,22
219,cos7WT-cgamutantgfp-PLL-Ba2mM-boite1-11052021.lif - Series005,0.291,23.129,11,51,22,0.433,78.846,20,154,79,0.516,79.798,28,170,72,0.478,37.391,8,92,29,0.466,12.429,3,20,13,0.433,25.462,12,47,25,0.287,16.464,5,26,16,0.478,21.652,13,32,21
220,cos7WT-cgamutantgfp-PLL-Ba2mM-boite1-11052021.lif - Series005,0.291,25.571,11,64,24,0.433,78.904,21,159,74,0.516,79.032,31,163,69,0.478,34.922,11,97,26,0.466,12.321,5,20,12,0.433,24.337,10,40,23,0.287,16.667,5,30,16,0.478,21.635,12,32,21
221,cos7WT-cgamutantgfp-PLL-Ba2mM-boite1-11052021.lif - Series005,0.291,24.357,13,42,24,0.433,80.019,21,165,78,0.516,77.306,27,163,68,0.478,33.026,11,89,26,0.466,11.768,4,21,12,0.433,24.702,9,42,25,0.287,14.754,6,25,15,0.478,21.800,9,32,22
222,cos7WT-cgamutantgfp-PLL-Ba2mM-boite1-11052021.lif - Series005,0.291,24.914,13,48,24,0.433,78.115,22,146,75,0.516,79.532,29,160,72,0.478,32.730,9,84,26,0.466,11.554,4,23,11,0.433,25.663,13,50,26,0.287,15.304,9,29,14,0.478,21.452,11,33,21
223,cos7WT-cgamutantgfp-PLL-Ba2mM-boite1-11052021.lif - Series005,0.291,26.157,14,45,24,0.433,74.827,13,137,78,0.516,76.258,33,158,69,0.478,29.722,10,86,23,0.466,11.920,5,20,12,0.433,24.135,8,41,23,0.287,14.609,7,27,14,0.478,21.487,10,35,22
224,cos7WT-cgamutantgfp-PLL-Ba2mM-boite1-11052021.lif - Series005,0.291,26.529,13,46,26,0.433,71.923,17,138,68,0.516,78.637,34,169,69,0.478,27.617,5,75,22,0.466,12.420,6,21,12,0.433,23.125,10,40,24,0.287,15.594,8,27,15,0.478,21.365,13,34,22
225,cos7WT-cgamutantgfp-PLL-Ba2mM-boite1-11052021.lif - Series005,0.291,25.743,14,44,23,0.433,72.385,19,135,70,0.516,80.742,38,169,70,0.478,26.713,8,68,20,0.466,12.446,1,23,12,0.433,24.038,10,41,24,0.287,14.594,6,25,15,0.478,21.313,13,33,21
226,cos7WT-cgamutantgfp-PLL-Ba2mM-boite1-11052021.lif - Series005,0.291,25.943,15,51,24,0.433,67.673,18,138,66,0.516,83.137,33,180,76,0.478,30.635,7,77,23,0.466,12.384,5,22,12,0.433,23.442,6,43,23,0.287,15.029,4,23,16,0.478,19.548,9,31,19
227,cos7WT-cgamutantgfp-PLL-Ba2mM-boite1-11052021.lif - Series005,0.291,24.443,16,46,23,0.433,65.490,18,120,66,0.516,84.815,40,193,74,0.478,31.922,7,80,25,0.466,12.232,5,20,12,0.433,24.173,11,44,24,0.287,14.536,4,26,14,0.478,20.809,11,29,21
228,cos7WT-cgamutantgfp-PLL-Ba2mM-boite1-11052021.lif - Series005,0.291,24.300,10,48,23,0.433,71.769,20,133,70,0.516,83.782,35,173,74,0.478,31.661,7,82,24,0.466,11.598,4,20,12,0.433,24.173,12,41,23,0.287,14.130,5,28,13,0.478,21.557,7,34,21
229,cos7WT-cgamutantgfp-PLL-Ba2mM-boite1-11052021.lif - Series005,0.291,23.843,9,46,22,0.433,63.538,21,126,61,0.516,81.742,36,181,72,0.478,31.791,7,75,25,0.466,12.134,4,21,12,0.433,23.673,12,44,24,0.287,14.884,7,25,15,0.478,20.130,10,33,20
230,cos7WT-cgamutantgfp-PLL-Ba2mM-boite1-11052021.lif - Series005,0.291,23.414,9,40,21,0.433,60.240,18,125,60,0.516,81.347,37,172,69,0.478,31.774,8,82,25,0.466,12.804,6,23,13,0.433,22.385,8,37,22,0.287,16.493,6,30,17,0.478,19.957,12,30,20
231,cos7WT-cgamutantgfp-PLL-Ba2mM-boite1-11052021.lif - Series005,0.291,24.100,11,44,24,0.433,66.952,19,136,66,0.516,79.226,27,172,70,0.478,33.374,7,87,25,0.466,12.286,5,19,12,0.433,22.663,10,41,21,0.287,14.928,5,24,15,0.478,20.600,11,32,21
232,cos7WT-cgamutantgfp-PLL-Ba2mM-boite1-11052021.lif - Series005,0.291,22.571,10,41,21,0.433,71.596,19,150,70,0.516,77.395,32,164,68,0.478,26.452,7,59,22,0.466,11.911,5,24,12,0.433,23.327,9,40,23,0.287,15.348,3,26,16,0.478,19.965,12,34,20
233,cos7WT-cgamutantgfp-PLL-Ba2mM-boite1-11052021.lif - Series005,0.291,21.643,9,47,20,0.433,76.558,15,158,72,0.516,78.435,32,180,68,0.478,26.139,8,61,21,0.466,11.946,4,22,12,0.433,22.375,8,42,22,0.287,15.652,7,30,15,0.478,20.696,10,34,20
234,cos7WT-cgamutantgfp-PLL-Ba2mM-boite1-11052021.lif - Series005,0.291,22.986,11,41,22,0.433,75.990,17,160,77,0.516,77.444,31,160,69,0.478,25.826,7,65,23,0.466,12.062,5,21,12,0.433,21.221,7,36,21,0.287,15.058,4,29,15,0.478,19.548,12,31,20
235,cos7WT-cgamutantgfp-PLL-Ba2mM-boite1-11052021.lif - Series005,0.291,20.157,11,35,19,0.433,82.750,20,182,82,0.516,77.637,29,169,66,0.478,28.470,8,62,23,0.466,11.214,3,20,12,0.433,22.048,9,43,21,0.287,14.971,5,31,15,0.478,19.661,12,34,19
236,cos7WT-cgamutantgfp-PLL-Ba2mM-boite1-11052021.lif - Series005,0.291,20.843,10,32,21,0.433,80.510,20,179,75,0.516,77.508,34,161,69,0.478,30.122,7,82,24,0.466,12.179,5,21,12,0.433,21.740,8,36,22,0.287,14.377,4,27,15,0.478,20.104,10,30,20
237,cos7WT-cgamutantgfp-PLL-Ba2mM-boite1-11052021.lif - Series005,0.291,20.171,9,34,19,0.433,74.096,18,168,64,0.516,78.355,32,156,67,0.478,27.809,8,73,22,0.466,12.054,5,21,12,0.433,22.500,13,40,23,0.287,14.768,7,29,14,0.478,20.409,10,30,20
238,cos7WT-cgamutantgfp-PLL-Ba2mM-boite1-11052021.lif - Series005,0.291,20.457,12,35,20,0.433,69.308,19,149,66,0.516,77.661,33,154,69,0.478,23.287,8,54,20,0.466,12.375,6,21,12,0.433,22.250,10,38,21,0.287,13.449,5,23,13,0.478,20.417,10,35,20
239,cos7WT-cgamutantgfp-PLL-Ba2mM-boite1-11052021.lif - Series005,0.291,19.386,12,33,18,0.433,68.548,18,147,64,0.516,78.008,36,168,71,0.478,25.835,9,63,20,0.466,11.491,5,20,11,0.433,22.500,10,40,22,0.287,13.493,5,27,13,0.478,20.783,11,30,21
240,cos7WT-cgamutantgfp-PLL-Ba2mM-boite1-11052021.lif - Series005,0.291,18.629,10,35,18,0.433,71.087,20,149,65,0.516,80.452,34,173,69,0.478,23.774,4,65,20,0.466,11.812,2,20,12,0.433,21.894,7,42,21,0.287,14.565,5,27,15,0.478,20.548,13,32,21
241,cos7WT-cgamutantgfp-PLL-Ba2mM-boite1-11052021.lif - Series005,0.291,19.529,10,41,20,0.433,75.779,17,164,72,0.516,154.024,65,255,141,0.478,27.835,10,62,23,0.466,12.545,5,20,12,0.433,22.096,11,35,21,0.287,14.812,7,26,15,0.478,20.765,11,32,21
242,cos7WT-cgamutantgfp-PLL-Ba2mM-boite1-11052021.lif - Series005,0.291,19.457,8,33,19,0.433,69.048,16,135,69,0.516,157.935,73,255,142,0.478,27.713,10,77,24,0.466,11.857,2,21,12,0.433,22.721,10,37,22,0.287,15.348,5,26,15,0.478,21.817,13,36,21
243,cos7WT-cgamutantgfp-PLL-Ba2mM-boite1-11052021.lif - Series005,0.291,19.329,10,32,19,0.433,69.462,20,133,65,0.516,153.855,73,255,133,0.478,28.043,7,66,23,0.466,11.884,2,21,12,0.433,23.423,10,40,23,0.287,14.348,5,25,13,0.478,22.304,12,31,22
244,cos7WT-cgamutantgfp-PLL-Ba2mM-boite1-11052021.lif - Series005,0.291,19.029,7,32,20,0.433,69.087,21,136,68,0.516,147.492,64,255,130,0.478,25.626,7,62,23,0.466,12.071,4,21,12,0.433,21.904,9,41,22,0.287,14.130,6,25,14,0.478,21.765,11,36,21
245,cos7WT-cgamutantgfp-PLL-Ba2mM-boite1-11052021.lif - Series005,0.291,18.671,10,33,19,0.433,70.885,22,136,68,0.516,138.484,62,255,122,0.478,25.591,8,61,20,0.466,11.714,5,20,12,0.433,22.490,12,36,22,0.287,14.478,4,26,14,0.478,21.591,11,32,22
246,cos7WT-cgamutantgfp-PLL-Ba2mM-boite1-11052021.lif - Series005,0.291,19.914,10,40,20,0.433,68.385,22,126,69,0.516,137.887,67,255,127,0.478,27.878,4,61,23,0.466,11.804,6,19,12,0.433,22.269,10,38,22,0.287,14.536,7,22,14,0.478,21.730,13,32,22
247,cos7WT-cgamutantgfp-PLL-Ba2mM-boite1-11052021.lif - Series005,0.291,17.771,11,28,18,0.433,70.538,22,126,69,0.516,162.685,81,255,148,0.478,26.496,6,65,23,0.466,12.402,6,21,12,0.433,23.269,12,36,23,0.287,16.232,7,29,16,0.478,24.217,14,39,25
248,cos7WT-cgamutantgfp-PLL-Ba2mM-boite1-11052021.lif - Series005,0.291,19.129,10,32,19,0.433,71.875,25,133,70,0.516,137.516,62,251,127,0.478,26.774,9,61,23,0.466,12.188,6,23,12,0.433,26.192,12,45,26,0.287,18.072,8,32,18,0.478,24.765,12,38,25
249,cos7WT-cgamutantgfp-PLL-Ba2mM-boite1-11052021.lif - Series005,0.291,19.614,9,33,20,0.433,75.346,23,140,75,0.516,119.476,51,218,113,0.478,28.374,9,63,24,0.466,11.929,4,26,12,0.433,25.808,12,39,26,0.287,17.971,11,30,18,0.478,25.339,14,43,26
250,cos7WT-cgamutantgfp-PLL-Ba2mM-boite1-11052021.lif - Series005,0.291,19.743,9,39,18,0.433,75.904,25,139,73,0.516,111.371,55,221,100,0.478,31.165,6,74,26,0.466,12.929,5,23,13,0.433,26.606,12,42,27,0.287,17.217,8,26,16,0.478,25.965,12,39,26
251,cos7WT-cgamutantgfp-PLL-Ba2mM-boite1-11052021.lif - Series005,0.291,18.500,10,26,19,0.433,73.471,22,132,70,0.516,106.476,54,215,96,0.478,31.957,9,77,26,0.466,11.714,3,20,11,0.433,25.837,11,41,26,0.287,17.725,8,30,17,0.478,26.087,15,41,26
252,cos7WT-cgamutantgfp-PLL-Ba2mM-boite1-11052021.lif - Series005,0.291,19.057,11,28,19,0.433,70.490,26,131,70,0.516,101.419,50,186,93,0.478,26.122,8,58,22,0.466,11.830,3,24,12,0.433,25.712,12,40,26,0.287,18.609,10,33,18,0.478,24.887,12,39,24
253,cos7WT-cgamutantgfp-PLL-Ba2mM-boite1-11052021.lif - Series005,0.291,18.314,8,31,18,0.433,69.298,26,117,69,0.516,95.056,39,169,86,0.478,25.791,7,67,21,0.466,12.571,6,20,13,0.433,25.490,11,41,26,0.287,16.841,10,29,17,0.478,24.870,18,36,25
254,cos7WT-cgamutantgfp-PLL-Ba2mM-boite1-11052021.lif - Series005,0.291,18.614,10,30,19,0.433,65.923,23,116,66,0.516,93.371,42,178,85,0.478,25.348,7,57,22,0.466,11.946,3,21,11,0.433,25.365,12,42,26,0.287,18.652,11,32,18,0.478,25.243,15,40,25
255,cos7WT-cgamutantgfp-PLL-Ba2mM-boite1-11052021.lif - Series005,0.291,17.143,7,28,17,0.433,65.663,23,110,65,0.516,88.371,34,166,82,0.478,28.991,7,80,23,0.466,11.393,5,19,11,0.433,22.798,9,34,23,0.287,16.957,7,29,17,0.478,25.652,17,36,26
256,cos7WT-cgamutantgfp-PLL-Ba2mM-boite1-11052021.lif - Series005,0.291,19.286,8,33,19,0.433,64.154,20,107,67,0.516,82.960,37,155,77,0.478,27.565,7,74,23,0.466,11.723,2,20,12,0.433,25.202,13,39,25,0.287,16.783,8,28,17,0.478,25.504,13,36,25
257,cos7WT-cgamutantgfp-PLL-Ba2mM-boite1-11052021.lif - Series005,0.291,19.186,9,32,19,0.433,67.923,24,126,69,0.516,78.484,34,149,72,0.478,27.800,9,73,22,0.466,11.821,4,20,12,0.433,24.144,13,41,24,0.287,17.304,9,28,17,0.478,25.435,13,41,25
258,cos7WT-cgamutantgfp-PLL-Ba2mM-boite1-11052021.lif - Series005,0.291,19.529,10,32,19,0.433,71.740,25,130,69,0.516,75.065,31,133,71,0.478,26.661,9,65,21,0.466,13.170,6,24,13,0.433,24.029,14,38,24,0.287,16.261,8,28,16,0.478,25.148,16,35,25
259,cos7WT-cgamutantgfp-PLL-Ba2mM-boite1-11052021.lif - Series005,0.291,19.657,8,32,20,0.433,71.481,27,126,74,0.516,75.903,35,145,69,0.478,27.809,5,72,21,0.466,12.464,4,19,13,0.433,24.558,13,40,25,0.287,16.304,9,34,15,0.478,24.426,16,34,25
260,cos7WT-cgamutantgfp-PLL-Ba2mM-boite1-11052021.lif - Series005,0.291,19.143,10,30,19,0.433,65.779,19,124,67,0.516,73.823,36,147,67,0.478,20.783,4,61,16,0.466,12.080,4,21,12,0.433,23.596,13,36,24,0.287,15.536,4,29,16,0.478,24.730,16,34,25
261,cos7WT-cgamutantgfp-PLL-Ba2mM-boite1-11052021.lif - Series005,0.291,19.414,10,30,19,0.433,64.096,20,122,65,0.516,72.645,35,139,70,0.478,13.496,3,29,13,0.466,12.688,3,20,13,0.433,23.798,13,41,24,0.287,16.101,7,30,16,0.478,25.661,15,36,26
262,cos7WT-cgamutantgfp-PLL-Ba2mM-boite1-11052021.lif - Series005,0.291,18.543,9,33,18,0.433,64.885,21,124,64,0.516,70.169,34,143,64,0.478,12.539,4,25,12,0.466,13.991,6,22,14,0.433,25.096,13,39,25,0.287,13.551,6,24,13,0.478,24.670,13,33,25
263,cos7WT-cgamutantgfp-PLL-Ba2mM-boite1-11052021.lif - Series005,0.291,19.129,9,29,19,0.433,64.317,23,111,65,0.516,68.065,34,116,63,0.478,12.035,5,21,12,0.466,12.000,4,24,12,0.433,24.567,10,38,25,0.287,14.145,6,30,13,0.478,24.296,16,37,24
264,cos7WT-cgamutantgfp-PLL-Ba2mM-boite1-11052021.lif - Series005,0.291,18.457,11,29,18,0.433,59.750,17,106,60,0.516,68.879,28,135,65,0.478,12.226,2,20,12,0.466,12.634,4,20,12,0.433,24.798,10,46,25,0.287,14.986,5,27,15,0.478,25.148,15,38,25
265,cos7WT-cgamutantgfp-PLL-Ba2mM-boite1-11052021.lif - Series005,0.291,19.414,8,32,19,0.433,56.000,18,111,58,0.516,67.395,33,128,63,0.478,11.087,2,23,11,0.466,11.696,4,19,12,0.433,24.154,13,38,24,0.287,13.913,6,25,14,0.478,25.287,14,38,26
266,cos7WT-cgamutantgfp-PLL-Ba2mM-boite1-11052021.lif - Series005,0.291,19.000,8,32,19,0.433,58.115,18,111,60,0.516,65.121,27,110,61,0.478,12.217,5,24,13,0.466,11.893,4,20,11,0.433,22.837,9,38,23,0.287,14.406,5,24,14,0.478,25.313,15,35,25
267,cos7WT-cgamutantgfp-PLL-Ba2mM-boite1-11052021.lif - Series005,0.291,19.071,11,30,19,0.433,59.423,19,116,57,0.516,64.452,25,119,59,0.478,11.774,5,21,12,0.466,12.411,4,20,12,0.433,23.644,12,38,24,0.287,13.942,8,23,14,0.478,24.443,13,36,25
268,cos7WT-cgamutantgfp-PLL-Ba2mM-boite1-11052021.lif - Series005,0.291,18.671,10,30,18,0.433,62.529,16,121,56,0.516,65.581,27,127,57,0.478,11.687,4,21,11,0.466,12.670,6,23,12,0.433,23.558,12,39,23,0.287,13.754,5,31,13,0.478,24.243,14,34,24
269,cos7WT-cgamutantgfp-PLL-Ba2mM-boite1-11052021.lif - Series005,0.291,18.371,8,32,19,0.433,63.808,15,134,61,0.516,63.403,30,121,57,0.478,11.513,4,22,12,0.466,11.884,2,20,12,0.433,22.750,7,38,22,0.287,12.522,4,22,12,0.478,23.113,12,35,24
270,cos7WT-cgamutantgfp-PLL-Ba2mM-boite1-11052021.lif - Series005,0.291,17.457,9,29,17,0.433,65.183,19,134,65,0.516,62.177,29,120,58,0.478,12.461,3,24,12,0.466,12.205,6,21,12,0.433,24.750,10,39,24,0.287,12.957,5,23,12,0.478,23.374,13,34,24
271,cos7WT-cgamutantgfp-PLL-Ba2mM-boite1-11052021.lif - Series005,0.291,18.129,8,34,18,0.433,60.587,20,112,62,0.516,63.032,27,125,57,0.478,12.513,5,21,13,0.466,12.420,6,21,12,0.433,24.087,13,39,24,0.287,11.594,4,23,12,0.478,23.017,12,34,23
272,cos7WT-cgamutantgfp-PLL-Ba2mM-boite1-11052021.lif - Series005,0.291,18.100,7,32,18,0.433,58.413,19,105,59,0.516,60.944,30,112,58,0.478,12.104,5,24,12,0.466,12.384,4,20,12,0.433,22.423,9,40,22,0.287,13.043,3,22,13,0.478,23.757,13,36,24
273,cos7WT-cgamutantgfp-PLL-Ba2mM-boite1-11052021.lif - Series005,0.291,17.600,10,29,17,0.433,60.346,20,115,57,0.516,59.952,26,117,56,0.478,12.052,3,23,12,0.466,11.938,4,21,12,0.433,22.654,10,41,22,0.287,13.623,6,21,13,0.478,22.948,13,34,23
274,cos7WT-cgamutantgfp-PLL-Ba2mM-boite1-11052021.lif - Series005,0.291,18.457,9,30,18,0.433,59.385,16,114,59,0.516,58.911,26,116,56,0.478,12.913,5,24,13,0.466,12.634,6,22,13,0.433,22.683,10,34,22,0.287,12.435,5,22,13,0.478,22.235,12,33,22
275,cos7WT-cgamutantgfp-PLL-Ba2mM-boite1-11052021.lif - Series005,0.291,18.400,7,32,18,0.433,56.760,22,104,56,0.516,59.323,26,110,56,0.478,11.913,2,22,12,0.466,13.000,5,22,13,0.433,22.596,10,36,23,0.287,12.696,5,22,13,0.478,22.835,10,38,23
276,cos7WT-cgamutantgfp-PLL-Ba2mM-boite1-11052021.lif - Series005,0.291,17.943,8,29,18,0.433,57.019,18,113,55,0.516,58.306,24,112,54,0.478,12.757,4,23,12,0.466,12.509,5,21,12,0.433,22.337,14,41,22,0.287,12.087,4,20,12,0.478,22.609,8,33,23
277,cos7WT-cgamutantgfp-PLL-Ba2mM-boite1-11052021.lif - Series005,0.291,17.957,9,31,17,0.433,58.433,14,115,58,0.516,60.452,30,111,58,0.478,13.009,5,22,13,0.466,11.786,4,22,12,0.433,22.010,12,34,22,0.287,12.710,5,21,13,0.478,23.374,13,34,23
278,cos7WT-cgamutantgfp-PLL-Ba2mM-boite1-11052021.lif - Series005,0.291,18.386,10,29,18,0.433,58.327,23,118,56,0.516,60.242,21,111,53,0.478,13.713,5,29,14,0.466,12.821,6,23,13,0.433,23.894,14,39,24,0.287,12.536,5,23,12,0.478,22.626,15,34,22
279,cos7WT-cgamutantgfp-PLL-Ba2mM-boite1-11052021.lif - Series005,0.291,18.743,10,31,19,0.433,56.260,20,104,53,0.516,60.266,31,111,58,0.478,19.296,6,53,17,0.466,12.223,2,21,12,0.433,23.798,13,39,24,0.287,12.116,5,21,12,0.478,22.626,12,34,23
280,cos7WT-cgamutantgfp-PLL-Ba2mM-boite1-11052021.lif - Series005,0.291,19.700,9,31,20,0.433,54.490,18,95,53,0.516,61.355,30,109,58,0.478,16.643,7,42,16,0.466,12.759,6,23,13,0.433,22.058,11,36,23,0.287,11.841,3,19,12,0.478,22.696,9,35,22
281,cos7WT-cgamutantgfp-PLL-Ba2mM-boite1-11052021.lif - Series005,0.291,19.043,11,31,19,0.433,60.115,17,115,58,0.516,60.161,26,116,53,0.478,18.130,8,42,17,0.466,12.795,5,21,13,0.433,23.510,10,40,24,0.287,11.565,6,19,12,0.478,22.357,13,36,22
282,cos7WT-cgamutantgfp-PLL-Ba2mM-boite1-11052021.lif - Series005,0.291,18.029,7,30,17,0.433,59.029,20,111,61,0.516,60.185,26,122,57,0.478,16.339,7,26,16,0.466,11.723,5,20,11,0.433,22.500,10,39,22,0.287,10.058,4,23,10,0.478,23.270,13,34,23
283,cos7WT-cgamutantgfp-PLL-Ba2mM-boite1-11052021.lif - Series005,0.291,20.857,11,34,21,0.433,59.029,21,111,57,0.516,60.855,22,114,54,0.478,14.861,4,27,15,0.466,12.295,7,21,12,0.433,21.750,9,36,21,0.287,12.087,5,23,11,0.478,23.252,14,35,23
284,cos7WT-cgamutantgfp-PLL-Ba2mM-boite1-11052021.lif - Series005,0.291,21.057,9,38,21,0.433,52.721,18,100,53,0.516,60.976,27,114,57,0.478,14.052,6,26,13,0.466,12.464,5,20,12,0.433,22.192,9,37,22,0.287,11.014,4,19,11,0.478,23.504,13,38,24
285,cos7WT-cgamutantgfp-PLL-Ba2mM-boite1-11052021.lif - Series005,0.291,21.271,10,34,21,0.433,45.846,16,84,46,0.516,59.629,25,115,55,0.478,14.087,3,28,14,0.466,12.643,5,22,13,0.433,22.038,9,35,22,0.287,11.667,4,22,11,0.478,22.296,11,35,22
286,cos7WT-cgamutantgfp-PLL-Ba2mM-boite1-11052021.lif - Series005,0.291,20.700,10,33,21,0.433,46.952,19,93,46,0.516,59.040,27,112,55,0.478,14.026,5,30,14,0.466,13.696,4,26,14,0.433,22.442,9,40,22,0.287,11.217,5,20,11,0.478,22.217,11,34,22
287,cos7WT-cgamutantgfp-PLL-Ba2mM-boite1-11052021.lif - Series005,0.291,23.329,7,38,23,0.433,45.548,15,81,46,0.516,59.460,26,118,53,0.478,14.513,5,27,14,0.466,12.589,6,21,13,0.433,20.846,4,39,20,0.287,11.696,2,20,11,0.478,22.400,11,36,22
288,cos7WT-cgamutantgfp-PLL-Ba2mM-boite1-11052021.lif - Series005,0.291,26.129,14,43,25,0.433,45.250,18,88,45,0.516,58.621,26,118,52,0.478,14.061,5,25,14,0.466,13.804,6,23,14,0.433,21.558,7,38,21,0.287,10.884,4,20,11,0.478,22.400,6,34,23
289,cos7WT-cgamutantgfp-PLL-Ba2mM-boite1-11052021.lif - Series005,0.291,27.471,14,43,26,0.433,44.606,14,79,43,0.516,57.839,29,107,54,0.478,19.357,5,37,18,0.466,12.152,4,20,12,0.433,21.288,11,40,21,0.287,11.638,6,20,11,0.478,22.270,13,36,22
290,cos7WT-cgamutantgfp-PLL-Ba2mM-boite1-11052021.lif - Series005,0.291,29.129,12,51,28,0.433,42.317,17,82,41,0.516,57.395,24,107,53,0.478,20.400,3,43,18,0.466,13.643,7,22,13,0.433,20.760,6,37,20,0.287,10.812,2,24,11,0.478,23.183,12,35,24
291,cos7WT-cgamutantgfp-PLL-Ba2mM-boite1-11052021.lif - Series005,0.291,28.043,14,51,26,0.433,42.183,18,86,42,0.516,58.258,26,110,54,0.478,20.800,4,48,19,0.466,13.661,6,25,13,0.433,21.019,9,33,20,0.287,11.029,3,23,11,0.478,22.217,12,33,22
292,cos7WT-cgamutantgfp-PLL-Ba2mM-boite1-11052021.lif - Series005,0.291,29.329,15,61,29,0.433,45.231,17,89,46,0.516,57.500,25,115,54,0.478,15.426,2,34,14,0.466,14.143,3,31,14,0.433,21.375,9,35,22,0.287,11.609,4,25,11,0.478,22.365,14,33,22
293,cos7WT-cgamutantgfp-PLL-Ba2mM-boite1-11052021.lif - Series005,0.291,30.414,12,56,28,0.433,54.327,21,100,54,0.516,56.790,23,111,50,0.478,18.052,6,42,16,0.466,14.741,3,27,14,0.433,21.154,8,34,21,0.287,10.362,2,19,10,0.478,22.696,10,31,23
294,cos7WT-cgamutantgfp-PLL-Ba2mM-boite1-11052021.lif - Series005,0.291,28.429,16,55,27,0.433,72.288,22,146,65,0.516,62.008,21,133,56,0.478,20.357,7,56,16,0.466,15.625,3,42,15,0.433,20.625,6,39,20,0.287,10.855,3,19,10,0.478,20.930,13,32,21
295,cos7WT-cgamutantgfp-PLL-Ba2mM-boite1-11052021.lif - Series005,0.291,26.014,13,56,24,0.433,75.683,19,174,67,0.516,62.508,21,145,55,0.478,29.565,6,78,24,0.466,15.366,4,50,14,0.433,20.596,9,37,20,0.287,11.681,1,24,12,0.478,21.243,11,34,21
296,cos7WT-cgamutantgfp-PLL-Ba2mM-boite1-11052021.lif - Series005,0.291,26.471,12,54,26,0.433,85.875,22,188,77,0.516,67.653,22,155,59,0.478,28.565,6,92,19,0.466,14.848,2,38,14,0.433,20.683,8,34,21,0.287,9.638,5,17,9,0.478,19.600,8,28,20
297,cos7WT-cgamutantgfp-PLL-Ba2mM-boite1-11052021.lif - Series005,0.291,23.629,13,42,24,0.433,83.952,20,189,75,0.516,66.234,23,150,60,0.478,22.896,4,89,15,0.466,16.116,6,53,14,0.433,20.260,10,41,20,0.287,10.217,1,20,10,0.478,19.496,11,29,20
298,cos7WT-cgamutantgfp-PLL-Ba2mM-boite1-11052021.lif - Series005,0.291,22.529,14,43,22,0.433,86.846,29,191,74,0.516,65.548,22,148,55,0.478,32.991,7,109,19,0.466,14.759,6,44,13,0.433,21.106,10,41,20,0.287,10.246,5,20,10,0.478,19.870,12,31,20
299,cos7WT-cgamutantgfp-PLL-Ba2mM-boite1-11052021.lif - Series005,0.291,21.914,9,39,22,0.433,90.827,27,204,76,0.516,62.710,21,145,53,0.478,47.052,9,151,33,0.466,15.304,4,51,14,0.433,21.087,10,37,20,0.287,10.246,3,18,10,0.478,19.948,10,33,20
300,cos7WT-cgamutantgfp-PLL-Ba2mM-boite1-11052021.lif - Series005,0.291,21.314,10,35,21,0.433,97.365,35,201,85,0.516,63.839,21,148,54,0.478,36.635,7,112,26,0.466,14.179,5,37,13,0.433,21.077,9,39,20,0.287,10.217,3,19,10,0.478,19.678,10,31,20
301,cos7WT-cgamutantgfp-PLL-Ba2mM-boite1-11052021.lif - Series005,0.291,20.171,9,34,20,0.433,96.154,31,215,88,0.516,62.218,17,134,54,0.478,34.887,4,138,20,0.466,13.946,6,46,13,0.433,20.394,7,36,19,0.287,10.246,3,18,10,0.478,18.600,9,27,19
302,cos7WT-cgamutantgfp-PLL-Ba2mM-boite1-11052021.lif - Series005,0.291,17.543,6,36,17,0.433,89.692,28,192,80,0.516,63.242,24,138,56,0.478,32.826,7,122,18,0.466,14.571,5,50,13,0.433,21.442,10,35,21,0.287,9.971,5,18,10,0.478,18.826,10,28,19
303,cos7WT-cgamutantgfp-PLL-Ba2mM-boite1-11052021.lif - Series005,0.291,18.371,11,31,18,0.433,94.240,34,202,80,0.516,62.790,20,139,55,0.478,33.809,4,133,18,0.466,18.054,6,72,14,0.433,20.260,10,37,20,0.287,9.986,3,18,10,0.478,18.670,8,28,19
304,cos7WT-cgamutantgfp-PLL-Ba2mM-boite1-11052021.lif - Series005,0.291,19.229,10,35,18,0.433,89.317,28,192,79,0.516,61.944,24,138,53,0.478,33.391,3,164,17,0.466,19.429,5,78,15,0.433,20.529,10,40,20,0.287,9.783,2,17,10,0.478,19.896,11,34,20
305,cos7WT-cgamutantgfp-PLL-Ba2mM-boite1-11052021.lif - Series005,0.291,17.943,8,29,18,0.433,89.683,29,192,76,0.516,60.395,19,131,56,0.478,28.800,6,140,15,0.466,21.027,3,86,15,0.433,21.144,8,37,20,0.287,10.652,1,21,11,0.478,19.243,8,32,19
306,cos7WT-cgamutantgfp-PLL-Ba2mM-boite1-11052021.lif - Series005,0.291,19.686,10,36,19,0.433,91.462,27,209,80,0.516,59.073,18,143,53,0.478,23.209,4,133,14,0.466,21.482,7,84,15,0.433,20.750,10,39,20,0.287,10.000,4,18,10,0.478,17.730,6,30,18
307,cos7WT-cgamutantgfp-PLL-Ba2mM-boite1-11052021.lif - Series005,0.291,18.900,8,37,18,0.433,92.471,21,207,81,0.516,57.435,12,127,51,0.478,20.452,3,130,14,0.466,22.661,6,92,16,0.433,19.962,6,40,19,0.287,10.072,3,18,10,0.478,18.278,10,31,18
308,cos7WT-cgamutantgfp-PLL-Ba2mM-boite1-11052021.lif - Series005,0.291,18.514,10,30,17,0.433,87.452,23,186,81,0.516,56.645,16,122,49,0.478,18.061,5,88,14,0.466,21.929,5,71,15,0.433,19.048,3,33,18,0.287,10.507,5,21,10,0.478,18.296,10,27,18
309,cos7WT-cgamutantgfp-PLL-Ba2mM-boite1-11052021.lif - Series005,0.291,20.143,7,38,20,0.433,85.837,19,181,79,0.516,59.879,19,139,51,0.478,15.391,4,81,12,0.466,22.464,6,78,16,0.433,19.327,6,36,19,0.287,10.362,1,19,10,0.478,18.843,10,30,19
310,cos7WT-cgamutantgfp-PLL-Ba2mM-boite1-11052021.lif - Series005,0.291,20.357,11,40,20,0.433,87.712,17,213,78,0.516,57.669,16,118,52,0.478,22.400,5,109,14,0.466,22.893,5,94,16,0.433,20.423,7,36,19,0.287,9.783,2,20,10,0.478,19.626,10,30,19
311,cos7WT-cgamutantgfp-PLL-Ba2mM-boite1-11052021.lif - Series005,0.291,21.486,11,39,20,0.433,92.471,19,204,85,0.516,59.903,20,137,53,0.478,21.348,5,116,14,0.466,22.902,6,92,15,0.433,20.077,6,36,20,0.287,10.420,5,19,10,0.478,18.252,9,31,18
312,cos7WT-cgamutantgfp-PLL-Ba2mM-boite1-11052021.lif - Series005,0.291,22.686,11,46,22,0.433,91.750,29,215,77,0.516,61.363,17,119,56,0.478,20.896,3,117,14,0.466,24.429,7,96,17,0.433,19.837,8,40,19,0.287,9.913,4,22,9,0.478,18.365,7,30,18
313,cos7WT-cgamutantgfp-PLL-Ba2mM-boite1-11052021.lif - Series005,0.291,23.629,12,41,22,0.433,93.760,30,206,78,0.516,59.395,20,124,53,0.478,19.591,3,118,14,0.466,22.688,5,88,15,0.433,18.096,9,30,17,0.287,9.913,4,22,9,0.478,19.052,10,32,19
314,cos7WT-cgamutantgfp-PLL-Ba2mM-boite1-11052021.lif - Series005,0.291,23.629,13,40,22,0.433,94.538,24,201,84,0.516,59.532,19,125,53,0.478,20.539,5,118,13,0.466,23.705,5,87,17,0.433,17.923,7,35,18,0.287,10.000,0,19,10,0.478,17.904,7,31,18
315,cos7WT-cgamutantgfp-PLL-Ba2mM-boite1-11052021.lif - Series005,0.291,23.686,9,49,23,0.433,87.606,27,195,69,0.516,58.806,19,143,51,0.478,22.200,6,123,14,0.466,24.018,7,92,18,0.433,19.154,9,34,19,0.287,10.232,1,22,11,0.478,17.652,7,26,18
316,cos7WT-cgamutantgfp-PLL-Ba2mM-boite1-11052021.lif - Series005,0.291,22.229,10,40,21,0.433,74.269,24,187,57,0.516,58.355,19,132,51,0.478,24.252,2,117,15,0.466,23.125,6,97,16,0.433,18.192,6,35,18,0.287,9.043,2,16,10,0.478,17.974,10,26,18
317,cos7WT-cgamutantgfp-PLL-Ba2mM-boite1-11052021.lif - Series005,0.291,22.586,10,41,21,0.433,68.798,20,182,53,0.516,58.935,20,129,52,0.478,22.183,2,113,14,0.466,23.286,7,90,17,0.433,18.279,6,34,18,0.287,8.928,2,20,9,0.478,18.983,11,29,19
318,cos7WT-cgamutantgfp-PLL-Ba2mM-boite1-11052021.lif - Series005,0.291,20.143,8,38,19,0.433,70.981,26,191,54,0.516,57.927,20,123,52,0.478,24.165,0,113,15,0.466,23.696,7,83,17,0.433,18.288,8,30,18,0.287,8.536,2,15,8,0.478,18.000,10,32,18
319,cos7WT-cgamutantgfp-PLL-Ba2mM-boite1-11052021.lif - Series005,0.291,20.257,9,42,18,0.433,67.692,22,195,48,0.516,58.460,21,130,53,0.478,21.026,5,106,15,0.466,24.330,7,93,17,0.433,18.971,9,33,19,0.287,8.884,3,15,9,0.478,18.835,9,28,18
320,cos7WT-cgamutantgfp-PLL-Ba2mM-boite1-11052021.lif - Series005,0.291,19.000,6,45,17,0.433,58.452,20,179,42,0.516,58.581,20,131,51,0.478,20.643,5,111,12,0.466,18.607,7,62,17,0.433,20.519,8,39,20,0.287,8.362,2,19,7,0.478,17.687,10,31,18
321,cos7WT-cgamutantgfp-PLL-Ba2mM-boite1-11052021.lif - Series005,0.291,20.486,10,41,18,0.433,51.865,22,177,40,0.516,58.419,16,128,50,0.478,22.426,3,115,14,0.466,21.312,6,78,18,0.433,18.356,5,32,18,0.287,8.478,1,18,8,0.478,18.226,10,29,18
322,cos7WT-cgamutantgfp-PLL-Ba2mM-boite1-11052021.lif - Series005,0.291,19.871,8,42,19,0.433,47.029,15,146,37,0.516,59.081,20,129,51,0.478,18.635,3,93,13,0.466,24.536,5,84,19,0.433,18.615,7,31,19,0.287,9.217,4,16,9,0.478,18.174,8,29,18
323,cos7WT-cgamutantgfp-PLL-Ba2mM-boite1-11052021.lif - Series005,0.291,20.314,7,44,18,0.433,43.548,14,145,36,0.516,58.831,21,129,51,0.478,22.174,4,115,14,0.466,27.375,7,77,20,0.433,19.683,8,37,19,0.287,9.696,3,17,10,0.478,17.061,7,28,17
324,cos7WT-cgamutantgfp-PLL-Ba2mM-boite1-11052021.lif - Series005,0.291,19.143,8,37,18,0.433,42.260,19,147,36,0.516,56.419,19,121,48,0.478,21.409,4,129,15,0.466,25.009,7,91,19,0.433,20.048,6,45,20,0.287,9.652,2,19,9,0.478,18.043,10,27,18
325,cos7WT-cgamutantgfp-PLL-Ba2mM-boite1-11052021.lif - Series005,0.291,19.886,9,36,19,0.433,39.837,16,137,31,0.516,54.387,20,119,49,0.478,20.026,1,108,13,0.466,28.839,9,90,21,0.433,19.712,7,35,19,0.287,7.580,1,16,7,0.478,17.374,9,28,18
326,cos7WT-cgamutantgfp-PLL-Ba2mM-boite1-11052021.lif - Series005,0.291,20.814,8,44,20,0.433,40.067,17,138,34,0.516,57.468,19,117,48,0.478,26.730,5,126,14,0.466,33.286,7,96,24,0.433,19.808,4,40,19,0.287,8.942,3,18,9,0.478,16.809,9,26,17
327,cos7WT-cgamutantgfp-PLL-Ba2mM-boite1-11052021.lif - Series005,0.291,21.686,9,41,20,0.433,38.067,14,128,33,0.516,56.782,19,127,50,0.478,29.487,7,133,17,0.466,32.214,7,95,24,0.433,19.067,6,31,18,0.287,9.058,3,15,9,0.478,17.052,9,29,17
328,cos7WT-cgamutantgfp-PLL-Ba2mM-boite1-11052021.lif - Series005,0.291,20.957,10,39,20,0.433,36.942,17,118,32,0.516,54.371,17,115,48,0.478,31.522,6,132,17,0.466,30.545,7,92,21,0.433,19.048,7,35,18,0.287,9.290,3,18,9,0.478,17.783,10,31,18
329,cos7WT-cgamutantgfp-PLL-Ba2mM-boite1-11052021.lif - Series005,0.291,20.800,11,35,20,0.433,36.279,17,115,31,0.516,54.113,16,117,50,0.478,17.087,4,99,12,0.466,31.598,3,90,23,0.433,19.663,10,33,19,0.287,9.667,2,18,10,0.478,18.130,9,31,18
330,cos7WT-cgamutantgfp-PLL-Ba2mM-boite1-11052021.lif - Series005,0.291,20.143,10,37,20,0.433,33.923,13,98,30,0.516,52.782,17,111,45,0.478,13.991,3,68,11,0.466,34.045,7,95,24,0.433,18.596,7,31,19,0.287,9.783,1,16,10,0.478,16.574,7,27,16
331,cos7WT-cgamutantgfp-PLL-Ba2mM-boite1-11052021.lif - Series005,0.291,20.629,9,38,20,0.433,31.308,12,97,28,0.516,52.508,11,113,44,0.478,12.322,2,44,11,0.466,31.482,9,97,22,0.433,19.048,7,35,19,0.287,9.058,3,15,9,0.478,16.948,9,29,17
332,cos7WT-cgamutantgfp-PLL-Ba2mM-boite1-11052021.lif - Series005,0.291,21.957,13,36,21,0.433,31.135,17,71,30,0.516,55.742,12,127,48,0.478,10.817,1,30,11,0.466,31.232,4,101,21,0.433,18.260,5,32,18,0.287,10.406,4,20,10,0.478,17.174,7,31,17
333,cos7WT-cgamutantgfp-PLL-Ba2mM-boite1-11052021.lif - Series005,0.291,20.600,11,39,19,0.433,30.885,15,75,29,0.516,55.419,16,126,45,0.478,10.600,4,23,10,0.466,30.304,7,89,21,0.433,18.269,6,32,18,0.287,9.797,4,20,10,0.478,17.843,8,31,18
334,cos7WT-cgamutantgfp-PLL-Ba2mM-boite1-11052021.lif - Series005,0.291,21.171,11,44,20,0.433,27.913,14,47,27,0.516,53.532,21,119,45,0.478,11.113,4,26,11,0.466,31.259,9,87,22,0.433,19.567,7,34,20,0.287,9.565,3,17,9,0.478,16.957,8,26,17
335,cos7WT-cgamutantgfp-PLL-Ba2mM-boite1-11052021.lif - Series005,0.291,22.243,8,36,21,0.433,28.913,16,48,28,0.516,53.419,17,118,48,0.478,13.148,3,64,11,0.466,32.955,8,92,24,0.433,19.038,6,34,19,0.287,8.725,2,18,8,0.478,16.730,9,24,17
336,cos7WT-cgamutantgfp-PLL-Ba2mM-boite1-11052021.lif - Series005,0.291,20.400,10,39,19,0.433,27.615,15,50,27,0.516,51.613,21,113,46,0.478,13.704,4,54,12,0.466,28.982,8,92,20,0.433,18.750,6,30,19,0.287,8.145,1,15,8,0.478,16.809,8,28,17
337,cos7WT-cgamutantgfp-PLL-Ba2mM-boite1-11052021.lif - Series005,0.291,22.086,10,39,22,0.433,26.433,15,48,26,0.516,52.306,20,115,45,0.478,14.235,5,63,11,0.466,28.330,4,80,22,0.433,19.337,8,37,18,0.287,8.159,0,16,7,0.478,16.852,10,28,16
338,cos7WT-cgamutantgfp-PLL-Ba2mM-boite1-11052021.lif - Series005,0.291,21.043,9,40,20,0.433,24.837,10,41,24,0.516,53.718,20,104,46,0.478,12.017,2,41,11,0.466,30.804,10,90,23,0.433,18.644,7,31,18,0.287,9.246,2,18,9,0.478,15.939,7,25,16
339,cos7WT-cgamutantgfp-PLL-Ba2mM-boite1-11052021.lif - Series005,0.291,20.286,10,43,19,0.433,26.010,15,40,25,0.516,52.645,19,114,46,0.478,13.296,3,53,11,0.466,28.643,7,89,21,0.433,18.125,6,31,18,0.287,9.884,3,20,9,0.478,16.652,8,30,16
340,cos7WT-cgamutantgfp-PLL-Ba2mM-boite1-11052021.lif - Series005,0.291,21.514,12,37,20,0.433,25.904,12,44,25,0.516,53.790,20,115,44,0.478,13.183,1,53,11,0.466,29.473,6,90,20,0.433,18.038,8,34,17,0.287,9.014,0,20,9,0.478,16.870,9,28,17
341,cos7WT-cgamutantgfp-PLL-Ba2mM-boite1-11052021.lif - Series005,0.291,21.586,9,38,20,0.433,25.788,14,46,25,0.516,52.000,18,112,47,0.478,12.974,6,51,11,0.466,31.643,8,92,22,0.433,17.615,8,31,17,0.287,8.841,2,18,9,0.478,16.635,7,27,16
342,cos7WT-cgamutantgfp-PLL-Ba2mM-boite1-11052021.lif - Series005,0.291,21.557,12,41,20,0.433,25.885,15,47,25,0.516,50.694,16,111,42,0.478,12.870,4,58,11,0.466,31.241,9,78,24,0.433,17.481,8,33,17,0.287,8.667,0,15,9,0.478,16.765,7,28,16
343,cos7WT-cgamutantgfp-PLL-Ba2mM-boite1-11052021.lif - Series005,0.291,22.143,9,42,20,0.433,25.962,13,45,25,0.516,50.968,16,114,45,0.478,13.670,6,52,12,0.466,30.625,9,81,24,0.433,18.885,5,34,18,0.287,8.580,2,17,9,0.478,16.548,7,27,16
344,cos7WT-cgamutantgfp-PLL-Ba2mM-boite1-11052021.lif - Series005,0.291,20.886,9,45,19,0.433,25.510,11,42,25,0.516,50.613,18,115,44,0.478,15.357,3,79,12,0.466,30.696,5,89,20,0.433,19.788,8,35,19,0.287,9.014,1,18,9,0.478,17.009,11,31,17
345,cos7WT-cgamutantgfp-PLL-Ba2mM-boite1-11052021.lif - Series005,0.291,20.586,10,38,19,0.433,26.337,10,46,26,0.516,48.371,17,107,42,0.478,18.113,5,103,13,0.466,29.482,8,75,24,0.433,19.404,7,30,19,0.287,9.029,3,18,9,0.478,16.504,6,26,16
346,cos7WT-cgamutantgfp-PLL-Ba2mM-boite1-11052021.lif - Series005,0.291,21.071,11,42,20,0.433,25.240,10,49,25,0.516,49.823,15,108,42,0.478,22.287,4,110,14,0.466,27.964,7,78,22,0.433,21.481,6,37,21,0.287,9.174,3,18,9,0.478,17.017,8,30,17
347,cos7WT-cgamutantgfp-PLL-Ba2mM-boite1-11052021.lif - Series005,0.291,19.671,10,37,18,0.433,24.971,13,42,24,0.516,49.879,19,114,40,0.478,22.235,4,107,14,0.466,28.652,7,87,20,0.433,20.971,10,33,21,0.287,9.029,4,18,9,0.478,17.087,9,26,17
348,cos7WT-cgamutantgfp-PLL-Ba2mM-boite1-11052021.lif - Series005,0.291,21.186,11,42,19,0.433,23.442,12,39,23,0.516,47.637,13,112,40,0.478,22.287,1,105,14,0.466,31.348,7,84,25,0.433,21.096,11,37,21,0.287,9.493,3,17,10,0.478,16.887,7,25,17
349,cos7WT-cgamutantgfp-PLL-Ba2mM-boite1-11052021.lif - Series005,0.291,19.514,7,33,19,0.433,23.173,11,40,22,0.516,46.798,16,102,40,0.478,21.209,7,123,13,0.466,29.286,7,89,23,0.433,21.587,10,35,22,0.287,8.971,1,19,10,0.478,17.052,10,29,17
350,cos7WT-cgamutantgfp-PLL-Ba2mM-boite1-11052021.lif - Series005,0.291,19.943,8,41,19,0.433,23.529,12,37,22,0.516,48.234,17,123,40,0.478,20.913,4,105,14,0.466,28.161,5,93,20,0.433,20.192,8,37,20,0.287,8.884,3,16,9,0.478,17.017,9,27,17
351,cos7WT-cgamutantgfp-PLL-Ba2mM-boite1-11052021.lif - Series005,0.291,20.529,9,41,19,0.433,24.298,13,43,23,0.516,47.952,20,105,41,0.478,19.478,5,105,13,0.466,29.768,7,80,21,0.433,20.596,9,35,20,0.287,8.348,1,15,8,0.478,16.339,8,30,16
352,cos7WT-cgamutantgfp-PLL-Ba2mM-boite1-11052021.lif - Series005,0.291,20.629,10,42,19,0.433,23.721,10,40,23,0.516,46.089,17,94,40,0.478,18.026,4,105,13,0.466,33.045,8,83,24,0.433,20.471,10,38,20,0.287,8.928,3,17,9,0.478,15.904,8,28,16
353,cos7WT-cgamutantgfp-PLL-Ba2mM-boite1-11052021.lif - Series005,0.291,19.929,9,40,19,0.433,24.587,10,44,24,0.516,45.839,18,94,39,0.478,23.165,6,108,14,0.466,37.018,6,93,32,0.433,19.471,6,38,19,0.287,8.536,4,17,8,0.478,15.922,10,25,15
354,cos7WT-cgamutantgfp-PLL-Ba2mM-boite1-11052021.lif - Series005,0.291,19.929,11,35,20,0.433,24.221,7,38,24,0.516,46.452,16,105,40,0.478,23.026,1,113,13,0.466,34.661,5,91,29,0.433,19.760,10,35,20,0.287,9.304,4,16,10,0.478,16.035,10,23,16
355,cos7WT-cgamutantgfp-PLL-Ba2mM-boite1-11052021.lif - Series005,0.291,21.614,12,44,20,0.433,23.692,12,43,23,0.516,48.395,18,106,41,0.478,18.765,3,107,12,0.466,36.616,9,99,30,0.433,19.500,6,34,19,0.287,9.029,2,19,9,0.478,16.583,6,28,16
356,cos7WT-cgamutantgfp-PLL-Ba2mM-boite1-11052021.lif - Series005,0.291,20.343,9,40,20,0.433,24.933,9,42,24,0.516,47.597,16,101,41,0.478,16.748,4,94,12,0.466,39.143,10,96,31,0.433,18.923,7,31,18,0.287,9.870,4,16,10,0.478,16.687,8,27,17
357,cos7WT-cgamutantgfp-PLL-Ba2mM-boite1-11052021.lif - Series005,0.291,20.543,9,37,20,0.433,24.096,10,47,23,0.516,45.694,17,98,38,0.478,17.452,3,92,13,0.466,37.241,10,98,31,0.433,19.106,7,36,19,0.287,8.812,1,18,9,0.478,16.687,8,28,16
358,cos7WT-cgamutantgfp-PLL-Ba2mM-boite1-11052021.lif - Series005,0.291,21.057,12,36,19,0.433,23.721,8,48,21,0.516,46.355,15,101,39,0.478,16.661,5,88,11,0.466,34.634,12,87,26,0.433,18.413,5,37,17,0.287,9.420,3,24,9,0.478,16.339,8,27,16
359,cos7WT-cgamutantgfp-PLL-Ba2mM-boite1-11052021.lif - Series005,0.291,20.543,11,41,19,0.433,23.500,7,44,23,0.516,45.919,15,96,38,0.478,20.557,3,109,13,0.466,33.473,8,96,25,0.433,17.981,6,31,19,0.287,9.928,1,18,10,0.478,16.461,8,27,16
360,cos7WT-cgamutantgfp-PLL-Ba2mM-boite1-11052021.lif - Series005,0.291,20.771,9,36,20,0.433,23.769,9,43,23,0.516,47.798,17,102,41,0.478,22.661,2,132,13,0.466,33.018,9,96,25,0.433,17.077,5,31,17,0.287,9.768,2,19,9,0.478,15.800,6,31,16
361,cos7WT-cgamutantgfp-PLL-Ba2mM-boite1-11052021.lif - Series005,0.291,21.686,9,40,20,0.433,23.500,10,45,22,0.516,44.968,17,96,37,0.478,25.052,4,138,13,0.466,31.786,9,83,23,0.433,18.962,9,36,19,0.287,10.058,3,18,10,0.478,15.965,8,25,16
362,cos7WT-cgamutantgfp-PLL-Ba2mM-boite1-11052021.lif - Series005,0.291,22.029,9,43,20,0.433,23.923,10,41,23,0.516,45.903,15,106,39,0.478,23.009,5,139,13,0.466,31.866,10,103,22,0.433,17.308,6,31,17,0.287,8.667,1,21,9,0.478,16.139,7,25,15
363,cos7WT-cgamutantgfp-PLL-Ba2mM-boite1-11052021.lif - Series005,0.291,22.700,12,38,23,0.433,22.750,11,33,22,0.516,45.645,11,99,38,0.478,26.052,2,129,15,0.466,31.795,7,90,22,0.433,17.837,5,31,17,0.287,9.406,5,15,9,0.478,16.357,8,25,16
364,cos7WT-cgamutantgfp-PLL-Ba2mM-boite1-11052021.lif - Series005,0.291,21.686,7,36,21,0.433,23.269,9,38,23,0.516,46.113,17,110,38,0.478,24.574,5,144,14,0.466,29.804,8,79,22,0.433,17.885,9,29,17,0.287,8.478,2,15,9,0.478,16.470,7,25,17
365,cos7WT-cgamutantgfp-PLL-Ba2mM-boite1-11052021.lif - Series005,0.291,21.900,12,40,22,0.433,22.654,11,39,22,0.516,45.024,17,105,38,0.478,22.061,5,127,13,0.466,29.241,8,91,21,0.433,16.606,4,32,17,0.287,8.652,4,17,8,0.478,17.226,6,26,17
366,cos7WT-cgamutantgfp-PLL-Ba2mM-boite1-11052021.lif - Series005,0.291,21.686,11,38,20,0.433,22.394,13,38,22,0.516,46.419,14,101,41,0.478,23.322,4,116,14,0.466,30.205,7,91,25,0.433,16.865,4,31,17,0.287,8.391,2,16,8,0.478,16.774,8,28,17
367,cos7WT-cgamutantgfp-PLL-Ba2mM-boite1-11052021.lif - Series005,0.291,21.443,11,34,21,0.433,22.731,11,41,23,0.516,45.339,16,106,36,0.478,25.452,5,139,14,0.466,29.509,8,88,21,0.433,17.740,6,31,18,0.287,8.580,0,17,8,0.478,17.374,10,29,17
368,cos7WT-cgamutantgfp-PLL-Ba2mM-boite1-11052021.lif - Series005,0.291,20.671,4,34,20,0.433,20.587,11,39,20,0.516,46.105,18,99,38,0.478,26.304,4,144,13,0.466,29.777,5,90,21,0.433,17.971,6,35,17,0.287,8.681,3,17,8,0.478,17.287,8,27,17
369,cos7WT-cgamutantgfp-PLL-Ba2mM-boite1-11052021.lif - Series005,0.291,20.900,12,35,20,0.433,22.683,11,38,22,0.516,43.887,18,94,36,0.478,24.400,5,126,14,0.466,29.366,5,86,20,0.433,16.683,6,32,16,0.287,8.696,2,17,9,0.478,16.235,8,25,16
370,cos7WT-cgamutantgfp-PLL-Ba2mM-boite1-11052021.lif - Series005,0.291,19.714,6,36,18,0.433,22.163,10,38,22,0.516,43.911,17,93,36,0.478,24.939,6,130,14,0.466,29.554,8,92,20,0.433,16.971,4,30,17,0.287,8.899,2,17,8,0.478,16.983,10,28,16
371,cos7WT-cgamutantgfp-PLL-Ba2mM-boite1-11052021.lif - Series005,0.291,21.557,13,37,20,0.433,21.731,10,44,21,0.516,44.500,11,102,36,0.478,22.374,4,133,13,0.466,27.616,7,88,20,0.433,17.202,5,28,18,0.287,9.478,1,18,10,0.478,16.748,7,25,17
372,cos7WT-cgamutantgfp-PLL-Ba2mM-boite1-11052021.lif - Series005,0.291,19.800,5,35,19,0.433,26.048,12,56,25,0.516,43.194,15,91,38,0.478,18.304,5,99,12,0.466,27.232,7,83,20,0.433,17.077,7,32,16,0.287,8.290,2,17,8,0.478,17.226,9,26,17
373,cos7WT-cgamutantgfp-PLL-Ba2mM-boite1-11052021.lif - Series005,0.291,20.643,9,42,20,0.433,22.788,12,40,23,0.516,43.371,15,96,36,0.478,19.035,4,112,13,0.466,30.339,5,92,21,0.433,16.231,7,29,16,0.287,8.406,1,16,8,0.478,17.122,8,29,16
374,cos7WT-cgamutantgfp-PLL-Ba2mM-boite1-11052021.lif - Series005,0.291,21.286,10,38,20,0.433,22.587,9,43,22,0.516,41.500,17,94,36,0.478,18.017,3,101,13,0.466,29.830,7,85,22,0.433,17.750,7,34,17,0.287,9.232,2,19,10,0.478,16.287,7,26,16
375,cos7WT-cgamutantgfp-PLL-Ba2mM-boite1-11052021.lif - Series005,0.291,22.229,11,41,22,0.433,23.221,12,37,23,0.516,41.137,17,97,35,0.478,23.965,4,134,13,0.466,27.938,8,80,20,0.433,17.596,9,32,17,0.287,9.812,4,16,10,0.478,16.087,8,30,16
376,cos7WT-cgamutantgfp-PLL-Ba2mM-boite1-11052021.lif - Series005,0.291,20.843,10,41,20,0.433,21.413,12,33,21,0.516,41.556,12,97,36,0.478,26.591,5,133,15,0.466,26.741,8,82,20,0.433,18.269,5,34,18,0.287,9.406,3,16,9,0.478,16.670,9,28,17
377,cos7WT-cgamutantgfp-PLL-Ba2mM-boite1-11052021.lif - Series005,0.291,19.329,8,38,18,0.433,23.288,12,39,23,0.516,41.202,15,92,35,0.478,26.974,5,134,15,0.466,27.580,7,85,20,0.433,18.923,9,34,18,0.287,10.275,1,21,10,0.478,16.783,8,31,17
378,cos7WT-cgamutantgfp-PLL-Ba2mM-boite1-11052021.lif - Series005,0.291,20.071,10,37,18,0.433,22.481,10,35,23,0.516,42.355,14,102,35,0.478,25.896,4,119,14,0.466,29.089,6,90,20,0.433,19.000,4,35,19,0.287,9.290,2,16,9,0.478,16.800,9,25,17
379,cos7WT-cgamutantgfp-PLL-Ba2mM-boite1-11052021.lif - Series005,0.291,19.143,5,31,19,0.433,22.827,12,34,23,0.516,39.895,11,84,33,0.478,24.087,5,123,14,0.466,28.446,4,81,21,0.433,17.962,7,30,18,0.287,9.899,4,21,10,0.478,17.478,9,30,17
380,cos7WT-cgamutantgfp-PLL-Ba2mM-boite1-11052021.lif - Series005,0.291,17.557,9,27,17,0.433,22.923,12,37,23,0.516,40.613,15,100,34,0.478,19.400,5,113,13,0.466,26.455,6,89,18,0.433,17.481,8,30,18,0.287,8.957,2,18,9,0.478,16.765,7,29,16
381,cos7WT-cgamutantgfp-PLL-Ba2mM-boite1-11052021.lif - Series005,0.291,16.843,9,31,17,0.433,22.327,8,41,22,0.516,41.048,14,94,33,0.478,14.409,5,81,11,0.466,27.723,7,88,20,0.433,18.125,10,31,18,0.287,9.058,1,17,9,0.478,16.757,3,27,17
382,cos7WT-cgamutantgfp-PLL-Ba2mM-boite1-11052021.lif - Series005,0.291,17.729,9,41,17,0.433,22.538,11,35,22,0.516,40.976,13,96,35,0.478,14.487,4,73,12,0.466,28.402,5,89,20,0.433,17.173,8,29,17,0.287,9.594,4,16,9,0.478,17.930,10,29,18
383,cos7WT-cgamutantgfp-PLL-Ba2mM-boite1-11052021.lif - Series005,0.291,18.043,10,30,18,0.433,21.644,11,31,21,0.516,40.508,13,89,33,0.478,12.583,4,45,11,0.466,25.455,7,77,18,0.433,17.904,7,32,17,0.287,9.261,2,19,9,0.478,17.191,9,30,17
384,cos7WT-cgamutantgfp-PLL-Ba2mM-boite1-11052021.lif - Series005,0.291,17.243,7,27,17,0.433,22.058,11,38,22,0.516,40.298,12,86,34,0.478,11.513,5,36,11,0.466,25.875,7,82,20,0.433,17.913,10,30,18,0.287,8.348,3,14,8,0.478,16.400,6,26,16
385,cos7WT-cgamutantgfp-PLL-Ba2mM-boite1-11052021.lif - Series005,0.291,18.271,10,41,18,0.433,22.683,11,38,22,0.516,40.435,15,90,33,0.478,12.574,4,47,11,0.466,27.777,7,95,20,0.433,17.740,7,31,17,0.287,9.855,4,21,10,0.478,17.078,9,30,17
386,cos7WT-cgamutantgfp-PLL-Ba2mM-boite1-11052021.lif - Series005,0.291,17.143,5,32,17,0.433,22.298,12,37,22,0.516,40.468,16,86,33,0.478,19.565,5,113,13,0.466,28.098,6,90,19,0.433,17.192,9,28,17,0.287,8.913,2,19,9,0.478,16.774,9,27,17
387,cos7WT-cgamutantgfp-PLL-Ba2mM-boite1-11052021.lif - Series005,0.291,18.857,10,35,19,0.433,21.462,11,39,20,0.516,39.944,13,95,33,0.478,29.591,2,139,14,0.466,27.223,5,83,20,0.433,17.144,6,31,17,0.287,9.855,3,19,9,0.478,17.026,9,29,17
388,cos7WT-cgamutantgfp-PLL-Ba2mM-boite1-11052021.lif - Series005,0.291,17.400,8,27,17,0.433,21.952,10,31,22,0.516,39.161,15,87,31,0.478,44.409,9,166,25,0.466,25.839,6,86,18,0.433,17.298,6,31,17,0.287,9.478,2,17,10,0.478,16.209,6,28,16
389,cos7WT-cgamutantgfp-PLL-Ba2mM-boite1-11052021.lif - Series005,0.291,16.686,7,26,16,0.433,22.077,12,35,22,0.516,39.548,10,93,33,0.478,46.243,10,153,32,0.466,25.759,3,77,20,0.433,17.385,7,28,17,0.287,8.725,3,15,8,0.478,17.339,6,29,17
390,cos7WT-cgamutantgfp-PLL-Ba2mM-boite1-11052021.lif - Series005,0.291,16.771,8,31,16,0.433,21.337,10,33,22,0.516,40.427,10,93,34,0.478,47.304,8,160,34,0.466,26.089,9,87,19,0.433,17.731,6,33,18,0.287,8.681,2,16,8,0.478,17.296,10,27,17
391,cos7WT-cgamutantgfp-PLL-Ba2mM-boite1-11052021.lif - Series005,0.291,17.957,9,37,17,0.433,21.779,11,33,21,0.516,40.645,13,84,34,0.478,49.235,10,164,32,0.466,24.214,6,75,18,0.433,17.183,6,32,17,0.287,8.043,2,14,8,0.478,17.235,9,26,17
392,cos7WT-cgamutantgfp-PLL-Ba2mM-boite1-11052021.lif - Series005,0.291,16.529,8,30,16,0.433,22.240,11,38,20,0.516,40.169,13,88,34,0.478,48.096,8,154,31,0.466,24.143,9,83,18,0.433,16.615,8,33,17,0.287,8.420,2,15,8,0.478,17.087,6,27,17
393,cos7WT-cgamutantgfp-PLL-Ba2mM-boite1-11052021.lif - Series005,0.291,17.286,9,30,17,0.433,22.404,13,37,22,0.516,40.556,13,84,35,0.478,47.730,8,170,29,0.466,24.795,6,75,19,0.433,16.990,5,31,17,0.287,8.130,0,17,8,0.478,16.339,5,25,16
394,cos7WT-cgamutantgfp-PLL-Ba2mM-boite1-11052021.lif - Series005,0.291,16.429,7,30,16,0.433,22.010,7,41,22,0.516,39.573,12,92,34,0.478,44.217,5,163,24,0.466,24.214,7,88,18,0.433,16.962,6,34,16,0.287,7.826,1,16,8,0.478,16.417,9,26,16
395,cos7WT-cgamutantgfp-PLL-Ba2mM-boite1-11052021.lif - Series005,0.291,17.657,6,40,17,0.433,20.683,9,31,20,0.516,40.968,13,89,35,0.478,40.939,7,163,23,0.466,23.830,3,75,17,0.433,17.173,7,33,17,0.287,8.594,4,16,8,0.478,16.496,8,24,16
396,cos7WT-cgamutantgfp-PLL-Ba2mM-boite1-11052021.lif - Series005,0.291,16.900,7,33,17,0.433,21.163,9,33,21,0.516,39.976,13,95,34,0.478,40.235,7,158,22,0.466,27.330,7,80,20,0.433,17.288,7,30,17,0.287,8.841,2,18,9,0.478,16.591,9,28,16
397,cos7WT-cgamutantgfp-PLL-Ba2mM-boite1-11052021.lif - Series005,0.291,17.057,7,42,15,0.433,21.048,8,35,21,0.516,38.790,16,87,34,0.478,50.748,6,159,34,0.466,29.795,7,73,23,0.433,15.990,5,30,16,0.287,8.580,2,14,8,0.478,16.670,9,28,17
398,cos7WT-cgamutantgfp-PLL-Ba2mM-boite1-11052021.lif - Series005,0.291,18.029,7,35,17,0.433,22.423,12,37,23,0.516,40.145,15,83,35,0.478,48.226,9,152,33,0.466,25.911,5,79,20,0.433,16.904,6,30,16,0.287,8.536,0,15,9,0.478,16.748,7,28,16
399,cos7WT-cgamutantgfp-PLL-Ba2mM-boite1-11052021.lif - Series005,0.291,18.086,5,37,18,0.433,21.548,9,34,21,0.516,38.194,15,86,33,0.478,45.148,7,148,34,0.466,25.598,6,81,19,0.433,18.548,11,30,19,0.287,8.014,3,15,8,0.478,16.522,8,28,17
400,cos7WT-cgamutantgfp-PLL-Ba2mM-boite1-11052021.lif - Series005,0.291,18.100,7,39,16,0.433,21.462,10,42,21,0.516,38.435,13,95,33,0.478,51.200,6,169,36,0.466,26.027,7,81,20,0.433,17.462,10,31,17,0.287,9.391,2,16,10,0.478,16.530,9,25,16
401,cos7WT-cgamutantgfp-PLL-Ba2mM-boite1-11052021.lif - Series005,0.291,17.429,5,35,17,0.433,22.452,4,36,22,0.516,38.774,15,81,33,0.478,50.800,9,161,36,0.466,25.536,3,81,19,0.433,16.740,6,29,16,0.287,9.493,2,22,9,0.478,16.252,8,24,16
402,cos7WT-cgamutantgfp-PLL-Ba2mM-boite1-11052021.lif - Series005,0.291,19.700,12,42,19,0.433,22.519,11,34,22,0.516,39.339,16,79,34,0.478,52.035,8,176,35,0.466,24.107,5,73,17,0.433,16.183,7,34,16,0.287,9.000,1,21,9,0.478,16.687,9,28,17
